station_name,rounded_latitude,rounded_longitude,complaint_count,station_complex,station_complex_id,match_status
1 AVENUE,40.73135,-73.98255,48,1 Av (L),119,EXACT_NAME
103 ST.-CORONA PLAZA,40.74972,-73.86418,1,103 St-Corona Plaza (7),450,EXACT_NAME
103 ST.-CORONA PLAZA,40.74987,-73.86273,52,103 St-Corona Plaza (7),450,EXACT_NAME
103 ST.-CORONA PLAZA,40.75067,-73.8631,6,103 St-Corona Plaza (7),450,EXACT_NAME
103 ST.-CORONA PLAZA,40.75326,-73.86445,1,103 St-Corona Plaza (7),450,EXACT_NAME
103 ST.-CORONA PLAZA,40.7558,-73.86534,1,103 St-Corona Plaza (7),450,EXACT_NAME
103 STREET,40.78946,-73.94763,1,103 St (6),395,EXACT_NAME
103 STREET,40.79031,-73.94769,33,103 St (6),395,EXACT_NAME
103 STREET,40.79607,-73.96707,3,103 St (1),309,EXACT_NAME
103 STREET,40.79611,-73.96144,15,"103 St (C,B)",156,EXACT_NAME
103 STREET,40.79672,-73.96289,3,"103 St (C,B)",156,EXACT_NAME
103 STREET,40.7991,-73.96854,29,103 St (1),309,EXACT_NAME
104 STREET,40.68199,-73.83697,3,104 St (A),193,EXACT_NAME
110 STREET,40.79481,-73.94441,29,110 St (6),394,EXACT_NAME
111 STREET,40.68475,-73.83112,7,111 St (A),194,EXACT_NAME
111 STREET,40.69686,-73.83717,22,111 St (J),81,EXACT_NAME
111 STREET,40.75158,-73.85584,21,111 St (7),449,EXACT_NAME
116 ST.-COLUMBIA UNIVERSITY,40.808,-73.9639,11,116 St-Columbia University (1),307,EXACT_NAME
116 STREET,40.79862,-73.94162,93,116 St (6),393,EXACT_NAME
116 STREET,40.80202,-73.94968,70,"116 St (2,3)",440,EXACT_NAME
116 STREET,40.80442,-73.95537,14,"116 St (C,B)",154,EXACT_NAME
121 STREET,40.70042,-73.82879,5,"121 St (J,Z)",80,EXACT_NAME
125 STREET,40.80438,-73.93742,313,"125 St (4,5,6)",392,EXACT_NAME
125 STREET,40.80777,-73.94548,132,"125 St (2,3)",439,EXACT_NAME
125 STREET,40.80842,-73.95247,1,"125 St (A,C,B,D)",153,EXACT_NAME
125 STREET,40.81076,-73.95259,212,"125 St (A,C,B,D)",153,EXACT_NAME
125 STREET,40.81201,-73.95151,1,"125 St (A,C,B,D)",153,EXACT_NAME
125 STREET,40.8148,-73.95628,2,125 St (1),306,EXACT_NAME
125 STREET,40.81569,-73.95829,30,125 St (1),306,EXACT_NAME
135 STREET,40.8141,-73.94085,180,"135 St (2,3)",438,EXACT_NAME
135 STREET,40.81591,-73.94515,2,"135 St (C,B)",152,EXACT_NAME
135 STREET,40.81712,-73.94801,4,"135 St (C,B)",152,EXACT_NAME
135 STREET,40.81785,-73.94767,16,"135 St (C,B)",152,EXACT_NAME
137 ST.-CITY COLLEGE,40.82138,-73.95413,46,137 St-City College (1),305,EXACT_NAME
138 ST.-GRAND CONCOURSE,40.8133,-73.9304,65,"138 St-Grand Concourse (4,5)",391,EXACT_NAME
138 ST.-GRAND CONCOURSE,40.81337,-73.93057,11,"138 St-Grand Concourse (4,5)",391,EXACT_NAME
138 ST.-GRAND CONCOURSE,40.81488,-73.92886,1,"138 St-Grand Concourse (4,5)",391,EXACT_NAME
145 STREET,40.82044,-73.93623,24,145 St (3),437,EXACT_NAME
145 STREET,40.82403,-73.94476,160,"145 St (A,C,B,D)",151,EXACT_NAME
145 STREET,40.82643,-73.95045,126,145 St (1),304,EXACT_NAME
149 ST.-GRAND CONCOURSE,40.81856,-73.92732,260,"149 St-Grand Concourse (2,4,5)",603,EXACT_NAME
15 ST.-PROSPECT PARK,40.66085,-73.97958,23,"15 St-Prospect Park (F,G)",241,EXACT_NAME
155 STREET,40.82916,-73.93727,34,"155 St (B,D)",220,EXACT_NAME
155 STREET,40.83089,-73.94137,6,155 St (C),150,EXACT_NAME
157 STREET,40.83406,-73.94488,19,157 St (1),303,EXACT_NAME
161 ST.-YANKEE STADIUM,40.82781,-73.92593,402,"161 St-Yankee Stadium (4,B,D)",604,EXACT_NAME
161 ST.-YANKEE STADIUM,40.83007,-73.92915,1,"161 St-Yankee Stadium (4,B,D)",604,EXACT_NAME
163 ST.-AMSTERDAM AVE.,40.83661,-73.9393,1,163 St-Amsterdam Av (C),149,EXACT_NAME
163 ST.-AMSTERDAM AVE.,40.83695,-73.9401,13,163 St-Amsterdam Av (C),149,EXACT_NAME
167 STREET,40.83451,-73.9177,48,"167 St (B,D)",218,EXACT_NAME
167 STREET,40.83572,-73.92128,45,167 St (4),388,EXACT_NAME
167 STREET,40.83611,-73.92237,1,167 St (4),388,EXACT_NAME
169 STREET,40.70922,-73.79217,1,169 St (F),255,EXACT_NAME
169 STREET,40.71001,-73.79473,4,169 St (F),255,EXACT_NAME
169 STREET,40.71035,-73.7939,3,169 St (F),255,EXACT_NAME
169 STREET,40.71071,-73.79304,37,169 St (F),255,EXACT_NAME
170 STREET,40.83784,-73.91963,1,170 St (4),387,EXACT_NAME
170 STREET,40.83872,-73.91377,109,"170 St (B,D)",217,EXACT_NAME
170 STREET,40.84023,-73.91768,128,170 St (4),387,EXACT_NAME
175 STREET,40.84652,-73.94006,38,175 St (A),147,EXACT_NAME
176 STREET,40.84864,-73.91168,48,176 St (4),385,EXACT_NAME
18 AVENUE,40.60726,-74.00264,1,18 Av (D),66,EXACT_NAME
18 AVENUE,40.608,-74.00172,10,18 Av (D),66,EXACT_NAME
18 AVENUE,40.6203,-73.98899,6,18 Av (N),74,EXACT_NAME
18 AVENUE,40.63075,-73.97717,7,18 Av (F),245,EXACT_NAME
18 STREET,40.74106,-73.99786,8,18 St (1),321,EXACT_NAME
181 STREET,40.84932,-73.93373,35,181 St (1),301,EXACT_NAME
181 STREET,40.85091,-73.93828,17,181 St (A),146,EXACT_NAME
181 STREET,40.85121,-73.93522,1,181 St (1),301,EXACT_NAME
183 STREET,40.85837,-73.90391,72,183 St (4),383,EXACT_NAME
183 STREET,40.85871,-73.90369,4,183 St (4),383,EXACT_NAME
190 STREET,40.85692,-73.9349,10,190 St (A),145,EXACT_NAME
191 STREET,40.85556,-73.92917,78,191 St (1),300,EXACT_NAME
2 AVENUE,40.72293,-73.98864,4,2 Av (F),232,EXACT_NAME
2 AVENUE,40.72365,-73.99102,238,2 Av (F),232,EXACT_NAME
2 AVENUE,40.72652,-73.98829,1,2 Av (F),232,EXACT_NAME
20 AVENUE,40.60222,-74.00295,1,20 Av (D),67,EXACT_NAME
20 AVENUE,40.60461,-73.99825,11,20 Av (D),67,EXACT_NAME
20 AVENUE,40.61768,-73.98465,7,20 Av (N),75,EXACT_NAME
207 STREET,40.86446,-73.91894,9,207 St (1),298,EXACT_NAME
21 ST.-QUEENSBRIDGE,40.754,-73.94243,234,21 St-Queensbridge (M),221,EXACT_NAME
21 STREET,40.74466,-73.94852,9,21 St (G),282,EXACT_NAME
215 STREET,40.86956,-73.9152,4,215 St (1),297,EXACT_NAME
219 STREET,40.88358,-73.8628,20,"219 St (2,5)",420,EXACT_NAME
225 STREET,40.8878,-73.86045,4,"225 St (2,5)",419,EXACT_NAME
23 STREET,40.74155,-73.98957,11,"23 St (R,W)",14,EXACT_NAME
23 STREET,40.74291,-73.9928,23,"23 St (F,M)",228,EXACT_NAME
23 STREET,40.7441,-73.99564,11,23 St (1),320,EXACT_NAME
23 STREET,40.74529,-73.99849,43,"23 St (C,E)",165,EXACT_NAME
231 STREET,40.87892,-73.90479,6,231 St (1),295,EXACT_NAME
233 STREET,40.89341,-73.85736,19,"233 St (2,5)",418,EXACT_NAME
238 STREET,40.8851,-73.90065,5,238 St (1),294,EXACT_NAME
25 AVENUE,40.59793,-73.98719,11,25 Av (D),69,EXACT_NAME
25 STREET,40.65816,-74.00044,1,25 St (R),31,EXACT_NAME
25 STREET,40.66047,-73.99801,23,25 St (R),31,EXACT_NAME
28 STREET,40.74332,-73.98407,131,28 St (6),404,EXACT_NAME
28 STREET,40.74529,-73.98873,9,"28 St (R,W)",13,EXACT_NAME
28 STREET,40.74724,-73.99336,25,28 St (1),319,EXACT_NAME
3 AVENUE,40.73329,-73.98718,12,3 Av (L),118,EXACT_NAME
3 AVENUE-138 STREET,40.81005,-73.92782,1,3 Av-138 St (6),377,EXACT_NAME
3 AVENUE-138 STREET,40.81005,-73.92514,22,3 Av-138 St (6),377,EXACT_NAME
3 AVENUE-138 STREET,40.81035,-73.92494,2,3 Av-138 St (6),377,EXACT_NAME
3 AVENUE-138 STREET,40.81095,-73.92714,11,3 Av-138 St (6),377,EXACT_NAME
3 AVENUE-138 STREET,40.81108,-73.9273,80,3 Av-138 St (6),377,EXACT_NAME
3 AVENUE-149 STREET,40.81607,-73.91764,1035,"3 Av-149 St (2,5)",434,EXACT_NAME
30 AVENUE,40.76689,-73.92139,19,"30 Av (N,W)",3,EXACT_NAME
33 STREET,40.74642,-73.98183,60,33 St (6),403,EXACT_NAME
34 ST.-PENN STATION,40.75099,-73.99062,256,"34 St-Penn Station (1,2,3)",318,EXACT_NAME
34 ST.-PENN STATION,40.75219,-73.99346,256,"34 St-Penn Station (A,C,E)",164,EXACT_NAME
34 ST.-PENN STATION,40.75353,-73.99454,4,"34 St-Penn Station (A,C,E)",164,EXACT_NAME
36 AVENUE,40.75658,-73.92975,8,"36 Av (N,W)",5,EXACT_NAME
36 STREET,40.65431,-74.00442,263,"36 St (D,N,R)",32,EXACT_NAME
36 STREET,40.75205,-73.92791,9,"36 St (M,R)",272,EXACT_NAME
4 AVENUE-9 STREET,40.67036,-73.98871,63,"4 Av-9 St (F,G,R)",608,EXACT_NAME
45 STREET,40.64927,-74.00967,23,45 St (R),33,EXACT_NAME
46 STREET,40.75672,-73.91421,8,"46 St (M,R)",270,EXACT_NAME
49 STREET,40.7592,-73.98462,13,"49 St (N,R,W)",10,EXACT_NAME
49 STREET,40.76046,-73.98373,111,"49 St (N,R,W)",10,EXACT_NAME
50 STREET,40.63576,-73.99485,2,50 St (D),61,EXACT_NAME
50 STREET,40.76142,-73.98405,48,50 St (1),316,EXACT_NAME
50 STREET,40.76229,-73.98611,61,"50 St (C,E)",162,EXACT_NAME
52 STREET,40.74417,-73.91248,7,52 St (7),457,EXACT_NAME
53 STREET,40.64479,-74.01432,64,53 St (R),34,EXACT_NAME
55 STREET,40.63157,-73.99546,1,55 St (D),62,EXACT_NAME
57 STREET,40.76432,-73.9772,32,57 St (M),224,EXACT_NAME
59 ST.-COLUMBUS CIRCLE,40.76671,-73.98288,3,"59 St-Columbus Circle (1,A,C,B,D)",614,EXACT_NAME
59 ST.-COLUMBUS CIRCLE,40.76711,-73.98172,36,"59 St-Columbus Circle (1,A,C,B,D)",614,EXACT_NAME
59 ST.-COLUMBUS CIRCLE,40.76739,-73.98236,84,"59 St-Columbus Circle (1,A,C,B,D)",614,EXACT_NAME
59 ST.-COLUMBUS CIRCLE,40.76774,-73.98211,1,"59 St-Columbus Circle (1,A,C,B,D)",614,EXACT_NAME
59 ST.-COLUMBUS CIRCLE,40.76788,-73.98149,2,"59 St-Columbus Circle (1,A,C,B,D)",614,EXACT_NAME
59 ST.-COLUMBUS CIRCLE,40.76839,-73.98168,1,"59 St-Columbus Circle (1,A,C,B,D)",614,EXACT_NAME
59 ST.-COLUMBUS CIRCLE,40.76841,-73.98204,1,"59 St-Columbus Circle (1,A,C,B,D)",614,EXACT_NAME
59 ST.-COLUMBUS CIRCLE,40.76889,-73.98209,339,"59 St-Columbus Circle (1,A,C,B,D)",614,EXACT_NAME
59 STREET,40.64144,-74.01781,160,"59 St (N,R)",35,EXACT_NAME
61 ST.-WOODSIDE,40.74492,-73.90369,1,61 St-Woodside (7),456,EXACT_NAME
61 ST.-WOODSIDE,40.7456,-73.90339,17,61 St-Woodside (7),456,EXACT_NAME
65 STREET,40.7493,-73.89758,12,"65 St (M,R)",268,EXACT_NAME
66 ST.-LINCOLN CENTER,40.77388,-73.98223,26,66 St-Lincoln Center (1),314,EXACT_NAME
67 AVENUE,40.72697,-73.85375,11,"67 Av (M,R)",262,EXACT_NAME
68 ST.-HUNTER COLLEGE,40.767,-73.96392,1,68 St-Hunter College (6),399,EXACT_NAME
68 ST.-HUNTER COLLEGE,40.76786,-73.96408,30,68 St-Hunter College (6),399,EXACT_NAME
69 STREET,40.74633,-73.89633,12,69 St (7),455,EXACT_NAME
7 AVENUE,40.66689,-73.98158,29,"7 Av (F,G)",240,EXACT_NAME
7 AVENUE,40.76297,-73.98189,52,"7 Av (E,B,D)",277,EXACT_NAME
71 STREET,40.61895,-73.99903,12,71 St (D),64,EXACT_NAME
72 STREET,40.77622,-73.97595,6,"72 St (C,B)",160,EXACT_NAME
72 STREET,40.77879,-73.98205,170,"72 St (1,2,3)",313,EXACT_NAME
75 AVENUE,40.71865,-73.8377,29,"75 Av (E,F)",260,EXACT_NAME
77 STREET,40.62938,-74.02566,13,77 St (R),37,EXACT_NAME
77 STREET,40.77364,-73.95986,18,77 St (6),398,EXACT_NAME
79 STREET,40.61262,-74.00084,16,79 St (D),65,EXACT_NAME
79 STREET,40.78384,-73.97999,14,79 St (1),312,EXACT_NAME
8 AVENUE,40.63436,-74.01074,17,8 Av (N),71,EXACT_NAME
8 ST.-NYU,40.73059,-73.99241,10,"8 St-NYU (R,W)",16,EXACT_NAME
80 STREET,40.67945,-73.85779,14,80 St (A),190,EXACT_NAME
85 ST.-FOREST PKWY.,40.69252,-73.8591,5,85 St-Forest Pkwy (J),84,EXACT_NAME
86 STREET,40.59192,-73.97722,1,86 St (N),79,EXACT_NAME
86 STREET,40.59219,-73.97769,21,86 St (N),79,EXACT_NAME
86 STREET,40.6228,-74.02835,25,86 St (R),38,EXACT_NAME
86 STREET,40.7795,-73.95558,111,"86 St (4,5,6)",397,EXACT_NAME
86 STREET,40.78529,-73.96933,10,"86 St (C,B)",158,EXACT_NAME
86 STREET,40.78831,-73.9765,35,86 St (1),311,EXACT_NAME
88 STREET,40.67989,-73.85066,7,88 St (A),191,EXACT_NAME
9 AVENUE,40.64595,-73.9951,15,9 Av (D),59,EXACT_NAME
90 ST.-ELMHURST AVE.,40.74842,-73.87648,7,90 St-Elmhurst Av (7),452,EXACT_NAME
90 ST.-ELMHURST AVE.,40.74844,-73.87625,17,90 St-Elmhurst Av (7),452,EXACT_NAME
90 ST.-ELMHURST AVE.,40.75657,-73.87593,1,90 St-Elmhurst Av (7),452,EXACT_NAME
96 STREET,40.78587,-73.95093,16,96 St (6),396,EXACT_NAME
96 STREET,40.79166,-73.96468,7,"96 St (C,B)",157,EXACT_NAME
96 STREET,40.79465,-73.97178,148,"96 St (1,2,3)",310,EXACT_NAME
ALABAMA AVENUE,40.6768,-73.90002,68,"Alabama Av (J,Z)",91,EXACT_NAME
ALLERTON AVENUE,40.86543,-73.86736,23,"Allerton Av (2,5)",423,EXACT_NAME
ASTORIA BLVD.,40.77006,-73.91808,31,"Astoria Blvd (N,W)",2,EXACT_NAME
ATLANTIC AVENUE,40.67589,-73.90346,1,Atlantic Av (L),133,EXACT_NAME
ATLANTIC AVENUE,40.67598,-73.90438,86,Atlantic Av (L),133,EXACT_NAME
BAY 50 STREET,40.58862,-73.98372,25,Bay 50 St (D),70,EXACT_NAME
BAY RIDGE AVENUE,40.63462,-74.02352,12,Bay Ridge Av (R),36,EXACT_NAME
BEACH 105 STREET,40.58355,-73.82635,1,"Beach 105 St (A,S)",202,EXACT_NAME
BEACH 25 STREET,40.59987,-73.76156,10,Beach 25 St (A),208,EXACT_NAME
BEACH 36 STREET,40.59579,-73.7676,2,Beach 36 St (A),207,EXACT_NAME
BEACH 44 STREET,40.59306,-73.77532,4,Beach 44 St (A),206,EXACT_NAME
BEACH 60 STREET,40.59205,-73.78965,1,Beach 60 St (A),205,EXACT_NAME
BEACH 60 STREET,40.59241,-73.789,13,Beach 60 St (A),205,EXACT_NAME
BEACH 67 STREET,40.59108,-73.79597,11,Beach 67 St (A),204,EXACT_NAME
BEACH 90 STREET,40.58775,-73.81437,2,"Beach 90 St (A,S)",200,EXACT_NAME
BEACH 98 STREET,40.58547,-73.82015,2,"Beach 98 St (A,S)",201,EXACT_NAME
BEDFORD AVENUE,40.71784,-73.95772,121,Bedford Av (L),120,EXACT_NAME
BERGEN STREET,40.68087,-73.97514,9,"Bergen St (2,3)",339,EXACT_NAME
BERGEN STREET,40.68673,-73.99047,60,"Bergen St (F,G)",236,EXACT_NAME
BOWERY,40.72032,-73.99404,11,"Bowery (J,Z)",103,EXACT_NAME
BOWLING GREEN,40.70455,-74.01429,31,"Bowling Green (4,5)",414,EXACT_NAME
BRIGHTON BEACH,40.57741,-73.96236,3,"Brighton Beach (B,Q)",55,EXACT_NAME
BRIGHTON BEACH,40.57761,-73.96144,37,"Brighton Beach (B,Q)",55,EXACT_NAME
BROAD CHANNEL,40.60793,-73.81604,18,"Broad Channel (A,S)",199,EXACT_NAME
BROAD STREET,40.70628,-74.01119,19,"Broad St (J,Z)",107,EXACT_NAME
BROAD STREET,40.70712,-74.01068,2,"Broad St (J,Z)",107,EXACT_NAME
BROADWAY,40.70547,-73.95024,7,Broadway (G),286,EXACT_NAME
BROADWAY,40.76197,-73.92538,6,"Broadway (N,W)",4,EXACT_NAME
BRONX PARK EAST,40.84888,-73.86744,43,"Bronx Park East (2,5)",425,EXACT_NAME
BRONX PARK EAST,40.8499,-73.86782,1,"Bronx Park East (2,5)",425,EXACT_NAME
BRONX PARK EAST,40.85084,-73.86781,1,"Bronx Park East (2,5)",425,EXACT_NAME
BROOK AVENUE,40.80755,-73.91921,114,Brook Av (6),376,EXACT_NAME
BUHRE AVENUE,40.84701,-73.83228,3,Buhre Av (6),361,EXACT_NAME
BURKE AVENUE,40.87144,-73.86716,11,"Burke Av (2,5)",422,EXACT_NAME
BURNSIDE AVENUE,40.85382,-73.90733,158,Burnside Av (4),384,EXACT_NAME
BUSHWICK AVE.-ABERDEEN ST.,40.68238,-73.90564,20,Bushwick Av-Aberdeen St (L),131,EXACT_NAME
CANAL STREET,40.71601,-73.99733,8,"Canal St (6,J,Z,N,Q,R,W)",623,EXACT_NAME
CANAL STREET,40.71802,-73.99996,41,"Canal St (6,J,Z,N,Q,R,W)",623,EXACT_NAME
CANAL STREET,40.71843,-74.00053,53,"Canal St (6,J,Z,N,Q,R,W)",623,EXACT_NAME
CANAL STREET,40.7194,-74.00188,32,"Canal St (6,J,Z,N,Q,R,W)",623,EXACT_NAME
CANAL STREET,40.72063,-74.00521,179,"Canal St (A,C,E)",169,EXACT_NAME
CANAL STREET,40.72135,-74.00464,1,"Canal St (A,C,E)",169,EXACT_NAME
CANAL STREET,40.72255,-74.0063,4,Canal St (1),325,EXACT_NAME
CARROLL STREET,40.67905,-73.99567,4,"Carroll St (F,G)",237,EXACT_NAME
CARROLL STREET,40.68101,-73.99434,26,"Carroll St (F,G)",237,EXACT_NAME
CASTLE HILL AVENUE,40.8342,-73.85169,23,Castle Hill Av (6),365,EXACT_NAME
CENTRAL AVENUE,40.6981,-73.92516,4,Central Av (M),114,EXACT_NAME
CHAMBERS STREET,40.71552,-74.00924,34,"Chambers St (1,2,3)",327,EXACT_NAME
CHAUNCEY STREET,40.68266,-73.91002,9,"Chauncey St (J,Z)",93,EXACT_NAME
CHURCH AVENUE,40.6428,-73.97944,42,"Church Av (F,G)",243,EXACT_NAME
CHURCH AVENUE,40.64944,-73.96308,15,"Church Av (B,Q)",44,EXACT_NAME
CHURCH AVENUE,40.65081,-73.94957,108,"Church Av (2,5)",356,EXACT_NAME
CITY HALL,40.71306,-74.00723,25,"City Hall (R,W)",20,EXACT_NAME
CLARK STREET,40.69746,-73.99302,19,"Clark St (2,3)",334,EXACT_NAME
CLASSON AVENUE,40.68888,-73.96,11,Classon Av (G),290,EXACT_NAME
CLASSON AVENUE,40.69022,-73.96028,1,Classon Av (G),290,EXACT_NAME
CLEVELAND STREET,40.67966,-73.88556,20,Cleveland St (J),89,EXACT_NAME
CRESCENT STREET,40.68365,-73.87219,28,"Crescent St (J,Z)",87,EXACT_NAME
CYPRESS AVENUE,40.80556,-73.91452,28,Cypress Av (6),375,EXACT_NAME
CYPRESS HILLS,40.69028,-73.87173,3,Cypress Hills (J),86,EXACT_NAME
DEKALB AVENUE,40.68993,-73.98147,79,"DeKalb Av (B,Q,R)",26,EXACT_NAME
DEKALB AVENUE,40.70341,-73.91778,1,DeKalb Av (L),127,EXACT_NAME
DEKALB AVENUE,40.70431,-73.91923,137,DeKalb Av (L),127,EXACT_NAME
DITMAS AVENUE,40.63555,-73.97802,19,Ditmas Av (F),244,EXACT_NAME
EAST 105 STREET,40.65049,-73.89798,22,East 105 St (L),137,EXACT_NAME
EAST BROADWAY,40.71405,-73.99019,64,East Broadway (F),234,EXACT_NAME
EASTERN PKWY-BROOKLYN MUSEUM,40.67162,-73.96257,24,"Eastern Pkwy-Brooklyn Museum (2,3)",341,EXACT_NAME
ELDER AVENUE,40.82858,-73.87917,106,Elder Av (6),369,EXACT_NAME
ELMHURST AVE.,40.74184,-73.881,53,"Elmhurst Av (M,R)",266,EXACT_NAME
EUCLID AVENUE,40.6754,-73.87191,150,"Euclid Av (A,C)",188,EXACT_NAME
FAR ROCKAWAY-MOTT AVE.,40.60478,-73.754,104,Far Rockaway-Mott Av (A),209,EXACT_NAME
FLATBUSH AVE.-BROOKLYN COLLEGE,40.63289,-73.9477,223,"Flatbush Av-Brooklyn College (2,5)",359,EXACT_NAME
FLUSHING AVENUE,40.70044,-73.95076,7,Flushing Av (G),287,EXACT_NAME
FLUSHING AVENUE,40.70073,-73.94193,44,"Flushing Av (M,J)",98,EXACT_NAME
FOREST AVENUE,40.70461,-73.90229,2,Forest Av (M),110,EXACT_NAME
FORT HAMILTON PKWY,40.63211,-74.00702,7,Fort Hamilton Pkwy (N),72,EXACT_NAME
FORT HAMILTON PKWY,40.64029,-73.9948,1,Fort Hamilton Pkwy (D),60,EXACT_NAME
FORT HAMILTON PKWY,40.6406,-73.99433,2,Fort Hamilton Pkwy (D),60,EXACT_NAME
FORT HAMILTON PKWY,40.64091,-73.99431,11,Fort Hamilton Pkwy (D),60,EXACT_NAME
FORT HAMILTON PKWY,40.64881,-73.97749,2,"Fort Hamilton Pkwy (F,G)",242,EXACT_NAME
FRANKLIN AVENUE,40.68114,-73.95567,158,"Franklin Av (C,S)",627,EXACT_NAME
FRANKLIN STREET,40.71913,-74.00694,9,Franklin St (1),326,EXACT_NAME
FREEMAN STREET,40.83014,-73.89188,12,"Freeman St (2,5)",429,EXACT_NAME
FULTON STREET,40.68702,-73.97621,17,Fulton St (G),292,EXACT_NAME
FULTON STREET,40.70956,-74.00643,41,"Fulton St (2,3,4,5,A,C,J,Z)",628,EXACT_NAME
FULTON STREET,40.71022,-74.00774,30,"Fulton St (2,3,4,5,A,C,J,Z)",628,EXACT_NAME
FULTON STREET,40.71033,-74.00954,154,"Fulton St (2,3,4,5,A,C,J,Z)",628,EXACT_NAME
FULTON STREET,40.71089,-74.00906,12,"Fulton St (2,3,4,5,A,C,J,Z)",628,EXACT_NAME
GATES AVENUE,40.68949,-73.92207,10,"Gates Av (J,Z)",95,EXACT_NAME
GRAHAM AVENUE,40.71453,-73.94439,47,Graham Av (L),122,EXACT_NAME
GRAHAM AVENUE,40.71454,-73.94439,7,Graham Av (L),122,EXACT_NAME
GRAND ARMY PLAZA,40.67486,-73.97078,57,"Grand Army Plaza (2,3)",340,EXACT_NAME
GRAND ARMY PLAZA,40.67524,-73.97105,1,"Grand Army Plaza (2,3)",340,EXACT_NAME
GRAND STREET,40.71196,-73.94069,24,Grand St (L),123,EXACT_NAME
GRAND STREET,40.71814,-73.99383,29,"Grand St (B,D)",231,EXACT_NAME
GRANT AVENUE,40.67633,-73.86546,146,Grant Av (A),189,EXACT_NAME
GREENPOINT AVENUE,40.7302,-73.95425,6,Greenpoint Av (G),283,EXACT_NAME
GREENPOINT AVENUE,40.73232,-73.95461,1,Greenpoint Av (G),283,EXACT_NAME
HALSEY STREET,40.68576,-73.9155,11,Halsey St (J),94,EXACT_NAME
HALSEY STREET,40.69512,-73.90322,1,Halsey St (L),129,EXACT_NAME
HALSEY STREET,40.69593,-73.90467,21,Halsey St (L),129,EXACT_NAME
HALSEY STREET,40.69801,-73.90264,2,Halsey St (L),129,EXACT_NAME
HEWES STREET,40.7067,-73.95291,9,"Hewes St (M,J)",100,EXACT_NAME
HIGH STREET,40.69952,-73.9898,35,"High St (A,C)",173,EXACT_NAME
HOUSTON STREET,40.7286,-74.00531,12,Houston St (1),324,EXACT_NAME
HOWARD BEACH-JFK AIRPORT,40.66051,-73.83059,123,Howard Beach-JFK Airport (A),198,EXACT_NAME
HOYT STREET,40.69056,-73.9851,99,"Hoyt St (2,3)",336,EXACT_NAME
HUNTERS POINT AVENUE,40.74252,-73.94923,18,Hunters Point Av (7),463,EXACT_NAME
HUNTS POINT AVENUE,40.81997,-73.8904,1,Hunts Point Av (6),371,EXACT_NAME
HUNTS POINT AVENUE,40.82019,-73.89068,521,Hunts Point Av (6),371,EXACT_NAME
HUNTS POINT AVENUE,40.82099,-73.89161,5,Hunts Point Av (6),371,EXACT_NAME
INTERVALE AVENUE,40.82212,-73.89688,26,"Intervale Av (2,5)",431,EXACT_NAME
JACKSON AVENUE,40.81603,-73.90808,51,"Jackson Av (2,5)",433,EXACT_NAME
JACKSON AVENUE,40.81631,-73.90805,5,"Jackson Av (2,5)",433,EXACT_NAME
JAMAICA-VAN WYCK,40.70244,-73.81686,12,Jamaica-Van Wyck (E),280,EXACT_NAME
JEFFERSON STREET,40.70612,-73.92214,2,Jefferson St (L),126,EXACT_NAME
JEFFERSON STREET,40.70703,-73.92359,98,Jefferson St (L),126,EXACT_NAME
JUNCTION BLVD.,40.74916,-73.86943,60,Junction Blvd (7),451,EXACT_NAME
JUNIUS STREET,40.66338,-73.90328,116,Junius St (3),349,EXACT_NAME
KINGSTON AVENUE,40.6694,-73.9422,24,Kingston Av (3),344,EXACT_NAME
KNICKERBOCKER AVENUE,40.69881,-73.91837,7,Knickerbocker Av (M),113,EXACT_NAME
LAFAYETTE AVENUE,40.68631,-73.97444,16,Lafayette Av (C),176,EXACT_NAME
LIBERTY AVENUE,40.6744,-73.89651,61,Liberty Av (C),185,EXACT_NAME
LIVONIA AVENUE,40.66381,-73.90041,71,Livonia Av (L),135,EXACT_NAME
LONGWOOD AVENUE,40.81621,-73.896,1,Longwood Av (6),372,EXACT_NAME
LONGWOOD AVENUE,40.81632,-73.89621,13,Longwood Av (6),372,EXACT_NAME
LORIMER STREET,40.70411,-73.94785,15,"Lorimer St (M,J)",99,EXACT_NAME
MARCY AVENUE,40.70843,-73.9579,57,"Marcy Av (M,J,Z)",101,EXACT_NAME
MONTROSE AVENUE,40.70765,-73.93984,21,Montrose Av (L),124,EXACT_NAME
MORGAN AVENUE,40.70636,-73.9319,178,Morgan Av (L),125,EXACT_NAME
MORRIS PARK,40.85467,-73.8601,4,Morris Park (5),446,EXACT_NAME
MOSHOLU PKWY.,40.87975,-73.88466,22,Mosholu Pkwy (4),379,EXACT_NAME
MOSHOLU PKWY.,40.88047,-73.88383,1,Mosholu Pkwy (4),379,EXACT_NAME
MOSHOLU PKWY.,40.88051,-73.88595,1,Mosholu Pkwy (4),379,EXACT_NAME
MYRTLE AVENUE,40.69699,-73.93522,182,"Myrtle Av (M,J,Z)",97,EXACT_NAME
NASSAU AVENUE,40.72377,-73.95079,10,Nassau Av (G),284,EXACT_NAME
NEPTUNE AVENUE,40.57997,-73.97465,8,Neptune Av (F),253,EXACT_NAME
NEVINS STREET,40.68876,-73.98084,7,"Nevins St (2,3,4,5)",337,EXACT_NAME
NEVINS STREET,40.6889,-73.98093,95,"Nevins St (2,3,4,5)",337,EXACT_NAME
NEW LOTS AVENUE,40.65911,-73.89922,87,New Lots Av (L),136,EXACT_NAME
NEW LOTS AVENUE,40.65945,-73.89846,1,New Lots Av (L),136,EXACT_NAME
NEW LOTS AVENUE,40.66618,-73.88315,4,New Lots Av (3),352,EXACT_NAME
NEW LOTS AVENUE,40.66638,-73.8832,127,New Lots Av (3),352,EXACT_NAME
NEW LOTS AVENUE,40.66647,-73.88251,12,New Lots Av (3),352,EXACT_NAME
NORTHERN BLVD.,40.75328,-73.90691,16,"Northern Blvd (M,R)",269,EXACT_NAME
NORWOOD AVENUE,40.68167,-73.87913,8,"Norwood Av (J,Z)",88,EXACT_NAME
NOSTRAND AVENUE,40.66986,-73.9505,52,Nostrand Av (3),343,EXACT_NAME
NOSTRAND AVENUE,40.68039,-73.94956,262,"Nostrand Av (A,C)",179,EXACT_NAME
NOSTRAND AVENUE,40.68064,-73.95337,1,"Nostrand Av (A,C)",179,EXACT_NAME
OCEAN PKWY,40.5763,-73.96853,10,Ocean Pkwy (Q),56,EXACT_NAME
PARKSIDE AVENUE,40.65488,-73.96188,15,Parkside Av (Q),43,EXACT_NAME
PARSONS BLVD.,40.70772,-73.80279,21,Parsons Blvd (F),256,EXACT_NAME
PELHAM BAY PARK,40.85282,-73.82738,27,Pelham Bay Park (6),360,EXACT_NAME
PELHAM BAY PARK,40.85329,-73.82636,1,Pelham Bay Park (6),360,EXACT_NAME
PELHAM BAY PARK,40.85334,-73.82666,3,Pelham Bay Park (6),360,EXACT_NAME
PELHAM PKWY.,40.85662,-73.86761,25,"Pelham Pkwy (2,5)",424,EXACT_NAME
PELHAM PKWY.,40.85689,-73.8574,4,Pelham Pkwy (5),445,EXACT_NAME
PENNSYLVANIA AVENUE,40.66475,-73.89404,40,Pennsylvania Av (3),350,EXACT_NAME
PRINCE STREET,40.72424,-73.99778,13,"Prince St (R,W)",17,EXACT_NAME
PROSPECT AVENUE,40.66551,-73.99277,6,Prospect Av (R),30,EXACT_NAME
PROSPECT AVENUE,40.81969,-73.9016,84,"Prospect Av (2,5)",432,EXACT_NAME
PROSPECT PARK,40.66051,-73.96281,2,"Prospect Park (B,Q,S)",42,EXACT_NAME
PROSPECT PARK,40.66095,-73.96068,1,"Prospect Park (B,Q,S)",42,EXACT_NAME
PROSPECT PARK,40.66309,-73.96239,40,"Prospect Park (B,Q,S)",42,EXACT_NAME
QUEENS PLAZA,40.74892,-73.9374,77,"Queens Plaza (E,F,R)",273,EXACT_NAME
QUEENSBORO PLAZA,40.75018,-73.93984,103,"Queensboro Plaza (7,N,W)",461,EXACT_NAME
QUEENSBORO PLAZA,40.75097,-73.94026,3,"Queensboro Plaza (7,N,W)",461,EXACT_NAME
RALPH AVENUE,40.67887,-73.92165,337,Ralph Av (C),182,EXACT_NAME
RECTOR STREET,40.70777,-74.01296,10,"Rector St (R,W)",22,EXACT_NAME
RECTOR STREET,40.70797,-74.01359,3,Rector St (1),329,EXACT_NAME
ROCKAWAY AVENUE,40.66255,-73.90892,28,Rockaway Av (3),348,EXACT_NAME
ROCKAWAY AVENUE,40.67828,-73.91075,125,Rockaway Av (C),183,EXACT_NAME
ROCKAWAY BLVD.,40.6803,-73.84464,1,Rockaway Blvd (A),192,EXACT_NAME
ROCKAWAY BLVD.,40.68067,-73.84272,60,Rockaway Blvd (A),192,EXACT_NAME
ROCKAWAY BLVD.,40.6807,-73.84464,1,Rockaway Blvd (A),192,EXACT_NAME
ROCKAWAY PARK-BEACH 116 ST.,40.57981,-73.8372,11,"Rockaway Park-Beach 116 St (A,S)",203,EXACT_NAME
SARATOGA AVENUE,40.66157,-73.91548,24,Saratoga Av (3),347,EXACT_NAME
SENECA AVENUE,40.70281,-73.90769,3,Seneca Av (M),111,EXACT_NAME
SHEEPSHEAD BAY,40.5872,-73.95325,1,"Sheepshead Bay (B,Q)",54,EXACT_NAME
SHEEPSHEAD BAY,40.58738,-73.95421,22,"Sheepshead Bay (B,Q)",54,EXACT_NAME
SHEPHERD AVENUE,40.67136,-73.88181,1,Shepherd Av (C),187,EXACT_NAME
SHEPHERD AVENUE,40.67412,-73.8808,5,Shepherd Av (C),187,EXACT_NAME
SIMPSON STREET,40.82414,-73.89295,171,"Simpson St (2,5)",430,EXACT_NAME
SPRING STREET,40.7223,-73.99712,5,Spring St (6),409,EXACT_NAME
SPRING STREET,40.72551,-74.00403,18,"Spring St (C,E)",168,EXACT_NAME
STEINWAY ST.,40.75668,-73.92086,18,"Steinway St (M,R)",271,EXACT_NAME
STEINWAY ST.,40.75897,-73.919,1,"Steinway St (M,R)",271,EXACT_NAME
STERLING STREET,40.66313,-73.95089,15,"Sterling St (2,5)",354,EXACT_NAME
SUTPHIN BLVD.,40.70575,-73.80969,4,Sutphin Blvd (F),257,EXACT_NAME
SUTPHIN BLVD.,40.70609,-73.80849,53,Sutphin Blvd (F),257,EXACT_NAME
SUTTER AVENUE,40.66827,-73.90263,45,Sutter Av (L),134,EXACT_NAME
SUTTER AVENUE,40.66841,-73.90167,2,Sutter Av (L),134,EXACT_NAME
TREMONT AVENUE,40.84945,-73.906,288,"Tremont Av (B,D)",215,EXACT_NAME
UNION STREET,40.67741,-73.98306,3,Union St (R),28,EXACT_NAME
UNION STREET,40.67741,-73.98305,20,Union St (R),28,EXACT_NAME
UTICA AVENUE,40.67928,-73.92906,503,"Utica Av (A,C)",181,EXACT_NAME
VAN SICLEN AVENUE,40.66559,-73.8885,11,Van Siclen Av (3),351,EXACT_NAME
VAN SICLEN AVENUE,40.67272,-73.89031,73,Van Siclen Av (C),186,EXACT_NAME
VAN SICLEN AVENUE,40.67803,-73.89167,16,"Van Siclen Av (J,Z)",90,EXACT_NAME
VERNON BLVD.-JACKSON AVE.,40.74273,-73.95411,23,Vernon Blvd-Jackson Av (7),464,EXACT_NAME
WALL STREET,40.70638,-74.0095,9,"Wall St (2,3)",333,EXACT_NAME
WALL STREET,40.70776,-74.0117,7,"Wall St (4,5)",413,EXACT_NAME
WHITEHALL ST.-SOUTH FERRY,40.70241,-74.01283,1,"Whitehall St-South Ferry (1,R,W)",635,EXACT_NAME
WHITEHALL ST.-SOUTH FERRY,40.70359,-74.01311,18,"Whitehall St-South Ferry (1,R,W)",635,EXACT_NAME
WHITLOCK AVENUE,40.82766,-73.8861,20,Whitlock Av (6),370,EXACT_NAME
WILSON AVENUE,40.68893,-73.90504,58,Wilson Av (L),130,EXACT_NAME
WINTHROP STREET,40.6571,-73.95025,39,"Winthrop St (2,5)",355,EXACT_NAME
WOODHAVEN BLVD.,40.69366,-73.85216,11,"Woodhaven Blvd (J,Z)",83,EXACT_NAME
WOODHAVEN BLVD.,40.7335,-73.87037,82,"Woodhaven Blvd (M,R)",264,EXACT_NAME
WOODLAWN,40.88745,-73.878,59,Woodlawn (4),378,EXACT_NAME
YORK STREET,40.70144,-73.98476,1,York St (F),235,EXACT_NAME
YORK STREET,40.70153,-73.98675,30,York St (F),235,EXACT_NAME
ZEREGA AVENUE,40.83679,-73.84668,14,Zerega Av (6),364,EXACT_NAME
STILLWELL AVENUE-CONEY ISLAND,40.57557,-73.98122,1432,"Coney Island-Stillwell Av (D,F,N,Q)",58,MANUAL_ACCEPT
42 ST.-PORT AUTHORITY BUS TERM,40.75723,-73.98979,824,"Times Sq-42 St/Port Authority Bus Terminal (1,2,3,7,A,C,E,N,Q,R,W,S)",611,MANUAL_ACCEPT
FRANKLIN AVENUE,40.67066,-73.95797,713,"Franklin Av-Medgar Evers College/Botanic Garden (2,3,4,5,S)",626,MANUAL_ACCEPT
W. 4 STREET,40.73171,-74.00096,574,"W 4 St-Wash Sq (A,C,E,B,D,F,M)",167,MANUAL_ACCEPT
ATLANTIC AVENUE,40.68405,-73.97746,436,"Atlantic Av-Barclays Ctr (2,3,4,5,B,D,N,Q,R)",617,MANUAL_ACCEPT
BROADWAY-EAST NEW YORK,40.67859,-73.90613,436,"Broadway Junction (A,C,J,Z,L)",621,MANUAL_ACCEPT
ROOSEVELT AVE.-JACKSON HEIGHTS,40.74681,-73.89175,386,"Jackson Hts-Roosevelt Av/74 St-Broadway (7,E,F,M,R)",616,MANUAL_ACCEPT
UTICA AVE.-CROWN HEIGHTS,40.6688,-73.93112,386,"Crown Hts-Utica Av (3,4)",345,MANUAL_ACCEPT
42 ST.-TIMES SQUARE,40.75604,-73.98695,340,"Times Sq-42 St/Port Authority Bus Terminal (1,2,3,7,A,C,E,N,Q,R,W,S)",611,MANUAL_ACCEPT
PARSONS/ARCHER-JAMAICA CENTER,40.70247,-73.79992,284,"Jamaica Center-Parsons/Archer (E,J,Z)",278,MANUAL_ACCEPT
BROADWAY-EASTERN PKWY,40.67952,-73.90457,281,"Broadway Junction (A,C,J,Z,L)",621,MANUAL_ACCEPT
14 STREET,40.73443,-73.9899,278,"14 St-Union Sq (4,5,6,L,N,Q,R,W)",602,MANUAL_ACCEPT
JAY STREET-BOROUGH HALL,40.69223,-73.9873,273,"Jay St-MetroTech (A,C,F,R)",636,MANUAL_ACCEPT
MAIN ST.-FLUSHING,40.75957,-73.83014,243,Flushing-Main St (7),447,MANUAL_ACCEPT
EAST 180 STREET,40.84087,-73.87281,239,"E 180 St (2,5)",426,MANUAL_ACCEPT
FORDHAM ROAD,40.86135,-73.89774,234,"Fordham Rd (B,D)",213,MANUAL_ACCEPT
42 ST.-GRAND CENTRAL,40.75144,-73.97605,233,"Grand Central-42 St (4,5,6,7,S)",610,MANUAL_ACCEPT
59 ST.-COLUMBUS CIRCLE,40.76502,-73.98484,229,"59 St-Columbus Circle (1,A,C,B,D)",614,MANUAL_ACCEPT
34 ST.-HERALD SQ.,40.74979,-73.98777,217,"34 St-Herald Sq (B,D,F,M,N,Q,R,W)",607,MANUAL_ACCEPT
KINGSBRIDGE ROAD,40.86607,-73.89438,212,"Kingsbridge Rd (B,D)",212,MANUAL_ACCEPT
42 STREET,40.75484,-73.98412,202,"42 St-Bryant Pk/5 Av (7,B,D,F,M)",609,MANUAL_ACCEPT
71 AVE.-FOREST HILLS,40.72145,-73.84398,201,"Forest Hills-71 Av (E,F,M,R)",261,MANUAL_ACCEPT
WYCKOFF AVENUE,40.69994,-73.91181,199,"Myrtle-Wyckoff Avs (M,L)",630,MANUAL_ACCEPT
74 ST.-BROADWAY,40.74684,-73.89143,193,"Jackson Hts-Roosevelt Av/74 St-Broadway (7,E,F,M,R)",616,MANUAL_ACCEPT
GUN HILL ROAD,40.87739,-73.86649,183,"Gun Hill Rd (2,5)",421,MANUAL_ACCEPT
HOYT-SCHERMERHORN,40.68902,-73.98616,180,"Hoyt-Schermerhorn Sts (A,C,G)",175,MANUAL_ACCEPT
EAST 174 STREET,40.83737,-73.88777,178,"174 St (2,5)",428,MANUAL_ACCEPT
14 STREET,40.73975,-74.00252,165,"14 St/8 Av (A,C,E,L)",618,MANUAL_ACCEPT
PACIFIC STREET,40.68376,-73.97876,160,"Atlantic Av-Barclays Ctr (2,3,4,5,B,D,N,Q,R)",617,MANUAL_ACCEPT
SUTPHIN BLVD.-ARCHER AVE.,40.70058,-73.80774,158,"Sutphin Blvd-Archer Av-JFK Airport (E,J,Z)",279,MANUAL_ACCEPT
UNION SQUARE,40.73521,-73.99172,153,"14 St-Union Sq (4,5,6,L,N,Q,R,W)",602,MANUAL_ACCEPT
BROADWAY/NASSAU,40.71022,-74.00774,133,"Fulton St (2,3,4,5,A,C,J,Z)",628,MANUAL_ACCEPT
EAST 149 STREET,40.81213,-73.90418,129,E 149 St (6),373,MANUAL_ACCEPT
ROCKAWAY PKWY-CANARSIE,40.64513,-73.90231,128,Canarsie-Rockaway Pkwy (L),138,MANUAL_ACCEPT
DELANCEY STREET,40.71856,-73.9882,124,"Delancey St-Essex St (F,M,J,Z)",625,MANUAL_ACCEPT
CHAMBERS ST.-WORLD TRADE CENTE,40.71153,-74.01046,121,"Chambers St/WTC/Park Place/Cortlandt St (2,3,A,C,E,R,W)",624,MANUAL_ACCEPT
47-50 STS./ROCKEFELLER CTR.,40.75802,-73.98179,116,"47-50 Sts-Rockefeller Ctr (B,D,F,M)",225,MANUAL_ACCEPT
UNION TURNPIKE-KEW GARDENS,40.71444,-73.83126,116,"Kew Gardens-Union Tpke (E,F)",259,MANUAL_ACCEPT
14 STREET,40.73855,-73.99968,114,"14 St/6 Av (1,2,3,L,F,M)",601,MANUAL_ACCEPT
14 ST.-UNION SQUARE,40.73443,-73.9899,113,"14 St-Union Sq (4,5,6,L,N,Q,R,W)",602,MANUAL_ACCEPT
168 ST.-WASHINGTON HTS.,40.84095,-73.93947,101,"168 St-Washington Hts (1,A,C)",605,MANUAL_ACCEPT
VAN WYCK BLVD.-BRIARWOOD,40.71019,-73.82112,96,"Briarwood (E,F)",258,MANUAL_ACCEPT
34 STREET,40.74829,-73.98818,93,"34 St-Herald Sq (B,D,F,M,N,Q,R,W)",607,MANUAL_ACCEPT
42 ST.-TIMES SQUARE,40.75353,-73.99454,91,"Times Sq-42 St/Port Authority Bus Terminal (1,2,3,7,A,C,E,N,Q,R,W,S)",611,MANUAL_ACCEPT
SMITH-9 STREETS,40.67474,-73.99777,91,"Smith-9 Sts (F,G)",238,MANUAL_ACCEPT
WEST 34 STREET/HUDSON YARDS,40.75578,-74.00199,87,34 St-Hudson Yards (7),471,MANUAL_ACCEPT
14 STREET,40.73736,-73.99684,86,"14 St/6 Av (1,2,3,L,F,M)",601,MANUAL_ACCEPT
BROOKLYN BRIDGE-CITY HALL,40.71314,-74.00406,84,"Brooklyn Bridge-City Hall/Chambers St (4,5,6,J,Z)",622,MANUAL_ACCEPT
110 ST.-CENTRAL PARK NORTH,40.79883,-73.95202,83,"110 St-Malcolm X Plaza (2,3)",441,MANUAL_ACCEPT
ROOSEVELT AVE.-JACKSON HEIGHTS,40.74684,-73.89143,81,"Jackson Hts-Roosevelt Av/74 St-Broadway (7,E,F,M,R)",616,MANUAL_ACCEPT
SOUNDVIEW AVENUE,40.8295,-73.87461,81,Morrison Av-Soundview (6),368,MANUAL_ACCEPT
59 STREET,40.76223,-73.96819,80,"Lexington Av/59 St (4,5,6,N,R,W)",613,MANUAL_ACCEPT
PARSONS/ARCHER-JAMAICA CENTER,40.70248,-73.79995,79,"Jamaica Center-Parsons/Archer (E,J,Z)",278,MANUAL_ACCEPT
KINGSTON-THROOP AVENUES,40.67994,-73.94121,76,Kingston-Throop Avs (C),180,MANUAL_ACCEPT
BROADWAY/LAFAYETTE,40.72543,-73.99677,75,"Broadway-Lafayette St/Bleecker St (6,B,D,F,M)",619,MANUAL_ACCEPT
SUTTER AVENUE-RUTLAND ROAD,40.66523,-73.92318,72,Sutter Av-Rutland Rd (3),346,MANUAL_ACCEPT
KINGS HIGHWAY,40.60913,-73.9574,70,"Kings Hwy (B,Q)",51,MANUAL_ACCEPT
CHAMBERS STREET,40.71314,-74.00406,67,"Brooklyn Bridge-City Hall/Chambers St (4,5,6,J,Z)",622,MANUAL_ACCEPT
KINGSBRIDGE ROAD,40.86748,-73.8974,66,Kingsbridge Rd (4),381,MANUAL_ACCEPT
FORDHAM ROAD,40.86276,-73.90108,65,Fordham Rd (4),382,MANUAL_ACCEPT
ESSEX STREET,40.71856,-73.9882,64,"Delancey St-Essex St (F,M,J,Z)",625,MANUAL_ACCEPT
WYCKOFF AVENUE,40.69995,-73.91181,64,"Myrtle-Wyckoff Avs (M,L)",630,MANUAL_ACCEPT
NEWKIRK AVENUE,40.63999,-73.94841,63,"Newkirk Av-Little Haiti (2,5)",358,MANUAL_ACCEPT
ATLANTIC AVENUE,40.69022,-73.96028,62,"Atlantic Av-Barclays Ctr (2,3,4,5,B,D,N,Q,R)",617,MANUAL_ACCEPT
96TH STREET,40.78425,-73.94709,61,96 St (Q),475,MANUAL_ACCEPT
42 ST.-TIMES SQUARE,40.75581,-73.9864,59,"Times Sq-42 St/Port Authority Bus Terminal (1,2,3,7,A,C,E,N,Q,R,W,S)",611,MANUAL_ACCEPT
BLEECKER STREET,40.72593,-73.99465,58,"Broadway-Lafayette St/Bleecker St (6,B,D,F,M)",619,MANUAL_ACCEPT
EAST 180 STREET,40.84087,-73.87282,57,"E 180 St (2,5)",426,MANUAL_ACCEPT
KOSCIUSKO STREET,40.69386,-73.9297,57,Kosciuszko St (J),96,MANUAL_ACCEPT
42 ST.-PORT AUTHORITY BUS TERM,40.75595,-73.99073,54,"Times Sq-42 St/Port Authority Bus Terminal (1,2,3,7,A,C,E,N,Q,R,W,S)",611,MANUAL_ACCEPT
BEDFORD-NOSTRAND AVENUES,40.68944,-73.95512,50,Bedford-Nostrand Avs (G),289,MANUAL_ACCEPT
BOROUGH HALL,40.69255,-73.99097,49,"Borough Hall/Court St (2,3,4,5,R)",620,MANUAL_ACCEPT
182-183 STREETS,40.85605,-73.90078,48,"182-183 Sts (B,D)",214,MANUAL_ACCEPT
CHRISTOPHER ST.-SHERIDAN SQ.,40.73363,-74.00279,48,Christopher St-Stonewall (1),323,MANUAL_ACCEPT
EAST 177 ST.-PARKCHESTER,40.833,-73.86154,46,Parkchester (6),366,MANUAL_ACCEPT
6 AVENUE,40.73736,-73.99684,45,"14 St/6 Av (1,2,3,L,F,M)",601,MANUAL_ACCEPT
BEDFORD PK. BLVD.,40.87211,-73.88785,45,"Bedford Park Blvd (B,D)",211,MANUAL_ACCEPT
CLINTON-WASHINGTON AVENUES,40.68304,-73.96478,43,Clinton-Washington Avs (C),177,MANUAL_ACCEPT
179 ST.-JAMAICA,40.713,-73.78237,42,Jamaica-179 St (F),254,MANUAL_ACCEPT
168 ST.-WASHINGTON HTS.,40.84108,-73.93977,40,"168 St-Washington Hts (1,A,C)",605,MANUAL_ACCEPT
95 STREET-BAY RIDGE,40.61599,-74.03113,40,Bay Ridge-95 St (R),39,MANUAL_ACCEPT
MYRTLE/WYCKOFF AVENUES,40.69953,-73.91104,40,"Myrtle-Wyckoff Avs (M,L)",630,MANUAL_ACCEPT
LEFFERTS BLVD.,40.68623,-73.82417,38,Ozone Park-Lefferts Blvd (A),195,MANUAL_ACCEPT
LEXINGTON AVE.,40.76473,-73.96636,38,"Lexington Av/63 St (M,Q)",223,MANUAL_ACCEPT
51 STREET,40.75712,-73.97191,37,"Lexington Av/51-53 Sts (6,E,F)",612,MANUAL_ACCEPT
57 STREET,40.76552,-73.98004,37,"57 St-7 Av (N,Q,R,W)",9,MANUAL_ACCEPT
SOUTH FERRY,40.70151,-74.01255,37,"Whitehall St-South Ferry (1,R,W)",635,MANUAL_ACCEPT
LORIMER STREET,40.71407,-73.94937,36,"Metropolitan Av/Lorimer St (G,L)",629,MANUAL_ACCEPT
EAST TREMONT AVE.-WEST FARMS S,40.84023,-73.8801,34,"West Farms Sq-E Tremont Av (2,5)",427,MANUAL_ACCEPT
GRAND AVE.-NEWTON,40.73675,-73.87767,34,"Grand Av-Newtown (M,R)",265,MANUAL_ACCEPT
WILLETS POINT-SHEA STADIUM,40.75534,-73.84325,34,Mets-Willets Point (7),448,MANUAL_ACCEPT
42 ST.-GRAND CENTRAL,40.75353,-73.99454,33,"Grand Central-42 St (4,5,6,7,S)",610,MANUAL_ACCEPT
82 ST.-JACKSON HEIGHTS,40.74763,-73.88394,33,82 St-Jackson Hts (7),453,MANUAL_ACCEPT
BEVERLY ROAD,40.64513,-73.94896,33,"Beverly Rd (2,5)",357,MANUAL_ACCEPT
DITMARS BLVD.-ASTORIA,40.77613,-73.9107,33,"Astoria-Ditmars Blvd (N,W)",1,MANUAL_ACCEPT
42 ST.-TIMES SQUARE,40.75656,-73.98611,32,"Times Sq-42 St/Port Authority Bus Terminal (1,2,3,7,A,C,E,N,Q,R,W,S)",611,MANUAL_ACCEPT
COURT SQUARE,40.74648,-73.94402,32,"Court Sq-23 St (7,E,F,G)",606,MANUAL_ACCEPT
METROPOLITAN AVENUE,40.7138,-73.95159,32,"Metropolitan Av/Lorimer St (G,L)",629,MANUAL_ACCEPT
PRESIDENT STREET,40.66807,-73.95067,32,"President St-Medgar Evers College (2,5)",353,MANUAL_ACCEPT
174-175 STREETS,40.84687,-73.90875,31,"174-175 Sts (B,D)",216,MANUAL_ACCEPT
205 ST.-NORWOOD,40.87498,-73.87946,31,Norwood-205 St (D),210,MANUAL_ACCEPT
LEXINGTON AVENUE,40.75837,-73.97099,31,"Lexington Av/51-53 Sts (6,E,F)",612,MANUAL_ACCEPT
110 ST.-CENTRAL PARK NORTH,40.79824,-73.95246,30,"110 St-Malcolm X Plaza (2,3)",441,MANUAL_ACCEPT
LAWRENCE STREET,40.69219,-73.98627,28,"Jay St-MetroTech (A,C,F,R)",636,MANUAL_ACCEPT
23 STREET,40.74018,-73.98636,27,23 St-Baruch College (6),405,MANUAL_ACCEPT
241 ST.-WAKEFIELD,40.90348,-73.85034,27,Wakefield-241 St (2),416,MANUAL_ACCEPT
42 ST.-TIMES SQUARE,40.75475,-73.98789,27,"Times Sq-42 St/Port Authority Bus Terminal (1,2,3,7,A,C,E,N,Q,R,W,S)",611,MANUAL_ACCEPT
COURT STREET,40.69428,-73.99242,27,"Borough Hall/Court St (2,3,4,5,R)",620,MANUAL_ACCEPT
MT. EDEN AVENUE,40.84434,-73.91474,27,Mt Eden Av (4),386,MANUAL_ACCEPT
110 ST.-CATHEDRAL PKWY.,40.80417,-73.9667,26,Cathedral Pkwy (110 St) (1),308,MANUAL_ACCEPT
BAYCHESTER AVENUE,40.8816,-73.82964,26,Baychester Av (5),443,MANUAL_ACCEPT
GUN HILL ROAD,40.87055,-73.84641,26,Gun Hill Rd (5),444,MANUAL_ACCEPT
MYRTLE-WILLOUGHBY AVENUES,40.69538,-73.94921,26,Myrtle-Willoughby Avs (G),288,MANUAL_ACCEPT
7TH AVENUE,40.678,-73.97305,25,"7 Av (B,Q)",41,MANUAL_ACCEPT
23 STREET-ELY AVENUE,40.74811,-73.94735,24,"Court Sq-23 St (7,E,F,G)",606,MANUAL_ACCEPT
8 AVENUE,40.73975,-74.00252,24,"14 St/8 Av (A,C,E,L)",618,MANUAL_ACCEPT
LEXINGTON AVE.,40.76223,-73.96819,23,"Lexington Av/59 St (4,5,6,N,R,W)",613,MANUAL_ACCEPT
ST. LAWRENCE AVENUE,40.83162,-73.86726,23,St Lawrence Av (6),367,MANUAL_ACCEPT
33 STREET,40.74467,-73.93168,22,33 St-Rawson St (7),460,MANUAL_ACCEPT
ATLANTIC AVENUE,40.68508,-73.97789,22,"Atlantic Av-Barclays Ctr (2,3,4,5,B,D,N,Q,R)",617,MANUAL_ACCEPT
200 ST.-DYCKMAN ST.,40.86159,-73.92474,21,Dyckman St (1),299,MANUAL_ACCEPT
200 ST.-DYCKMAN ST.,40.86554,-73.92727,21,Dyckman St (A),144,MANUAL_ACCEPT
148 ST.-HARLEM,40.82357,-73.93767,20,Harlem-148 St (3),436,MANUAL_ACCEPT
GUN HILL ROAD,40.87763,-73.86738,20,"Gun Hill Rd (2,5)",421,MANUAL_ACCEPT
VAN WYCK BLVD.-BRIARWOOD,40.70968,-73.82003,20,"Briarwood (E,F)",258,MANUAL_ACCEPT
46 STREET,40.74316,-73.9187,19,46 St-Bliss St (7),458,MANUAL_ACCEPT
"AVENUE ""U""",40.59894,-73.95548,19,Avenue U (Q),52,MANUAL_ACCEPT
BAY PARKWAY,40.60195,-73.99381,19,Bay Pkwy (D),68,MANUAL_ACCEPT
5 AVENUE,40.76042,-73.97583,18,"5 Av/53 St (E,F)",276,MANUAL_ACCEPT
EAST TREMONT AV.-WESTCHESTER S,40.84017,-73.84261,18,Westchester Sq-E Tremont Av (6),363,MANUAL_ACCEPT
NEW UTRECHT AVENUE,40.62606,-73.99702,18,"62 St/New Utrecht Av (D,N)",615,MANUAL_ACCEPT
238 ST.-NEREID AVE.,40.89845,-73.8543,17,"Nereid Av (2,5)",417,MANUAL_ACCEPT
242 ST.-VAN CORTLANDT PARK,40.88946,-73.89827,17,Van Cortlandt Park-242 St (1),293,MANUAL_ACCEPT
"AVENUE ""X""",40.59011,-73.97419,17,Avenue X (F),252,MANUAL_ACCEPT
"AVENUE ""J""",40.62528,-73.96047,16,Avenue J (Q),49,MANUAL_ACCEPT
9TH STREET,40.67036,-73.98871,15,"4 Av-9 St (F,G,R)",608,MANUAL_ACCEPT
BOTANIC GARDEN,40.67066,-73.95797,15,"Franklin Av-Medgar Evers College/Botanic Garden (2,3,4,5,S)",626,MANUAL_ACCEPT
DYRE AVE.-EASTCHESTER,40.88782,-73.83101,15,Eastchester-Dyre Av (5),442,MANUAL_ACCEPT
40 STREET,40.74381,-73.92426,14,40 St-Lowery St (7),459,MANUAL_ACCEPT
5 AVENUE,40.76428,-73.97302,14,"5 Av/59 St (N,R,W)",8,MANUAL_ACCEPT
BEDFORD PK. BLVD.-LEHMAN COLLE,40.87338,-73.88937,14,Bedford Park Blvd-Lehman College (4),380,MANUAL_ACCEPT
86TH STREET,40.77787,-73.95174,13,86 St (Q),476,MANUAL_ACCEPT
72ND STREET,40.7688,-73.95836,11,72 St (Q),477,MANUAL_ACCEPT
"AVENUE ""P""",40.60881,-73.973,11,Avenue P (F),249,MANUAL_ACCEPT
63 DRIVE-REGO PARK,40.73012,-73.86231,10,"63 Dr-Rego Park (M,R)",263,MANUAL_ACCEPT
ASTOR PLACE,40.72986,-73.99143,9,Astor Pl (6),407,MANUAL_ACCEPT
"AVENUE ""M""",40.61811,-73.95911,8,Avenue M (Q),50,MANUAL_ACCEPT
BEVERLEY ROAD,40.64441,-73.96409,8,Beverley Rd (Q),45,MANUAL_ACCEPT
62 STREET,40.62606,-73.99702,7,"62 St/New Utrecht Av (D,N)",615,MANUAL_ACCEPT
75 ST.-ELDERTS LANE,40.69118,-73.86806,7,"75 St-Elderts Ln (J,Z)",85,MANUAL_ACCEPT
"AVENUE ""I""",40.62598,-73.97623,7,Avenue I (F),246,MANUAL_ACCEPT
39 AVENUE,40.75269,-73.93291,6,"39 Av-Dutch Kills (N,W)",6,MANUAL_ACCEPT
MIDDLETOWN ROAD,40.84346,-73.83682,6,Middletown Rd (6),362,MANUAL_ACCEPT
FRESH POND ROAD,40.70577,-73.89657,5,Fresh Pond Rd (M),109,MANUAL_ACCEPT
81 ST.-MUSEUM OF NATURAL HISTO,40.78202,-73.97172,4,"81 St-Museum of Natural History (C,B)",159,MANUAL_ACCEPT
NECK ROAD,40.59503,-73.95473,4,Neck Rd (Q),53,MANUAL_ACCEPT
BAY PARKWAY,40.62091,-73.9753,3,Bay Pkwy (F),247,MANUAL_ACCEPT
225 ST.-MARBLE HILL,40.87464,-73.90974,2,Marble Hill-225 St (1),296,MANUAL_ACCEPT
ASTOR PLACE,40.72988,-73.99072,2,Astor Pl (6),407,MANUAL_ACCEPT
DYRE AVE.-EASTCHESTER,40.88781,-73.83129,2,Eastchester-Dyre Av (5),442,MANUAL_ACCEPT
45 ROAD-COURT HOUSE SQUARE,40.74692,-73.94532,1,"Court Sq-23 St (7,E,F,G)",606,MANUAL_ACCEPT
MYRTLE AVENUE,40.69943,-73.91231,1,"Myrtle-Wyckoff Avs (M,L)",630,MANUAL_ACCEPT
WEST 8 STREET-NY AQUARIUM,40.5753,-73.97659,18,"W 8 St-NY Aquarium (F,Q)",57,MANUAL_ACCEPT
207 ST.-INWOOD,40.86769,-73.92121,17,Inwood-207 St (A),143,MANUAL_ACCEPT
CORTLANDT STREET,40.71278,-74.01168,9,WTC Cortlandt (1),328,MANUAL_ACCEPT
"AVENUE ""H""",40.63006,-73.96137,8,Avenue H (Q),48,MANUAL_ACCEPT
AQUEDUCT-NORTH CONDUIT AVE.,40.66712,-73.83465,6,Aqueduct-N Conduit Av (A),197,MANUAL_ACCEPT
CORTELYOU ROAD,40.64161,-73.96356,6,Cortelyou Rd (Q),46,MANUAL_ACCEPT
"AVENUE ""N""",40.61403,-73.97399,3,Avenue N (F),248,MANUAL_ACCEPT
138 ST.-GRAND CONCOURSE,40.81035,-73.92494,2,3 Av-138 St (6),377,MANUAL_ACCEPT
AQUEDUCT-RACETRACK,40.6708,-73.83595,2,Aqueduct Racetrack (A),196,MANUAL_ACCEPT
CORTLANDT STREET,40.71102,-74.0108,2,WTC Cortlandt (1),328,MANUAL_ACCEPT
PARK PLACE,40.67417,-73.9567,2,Park Pl (S),141,MANUAL_ACCEPT
CORTLANDT STREET,40.71153,-74.01046,1,"Chambers St/WTC/Park Place/Cortlandt St (2,3,A,C,E,R,W)",624,MANUAL_ACCEPT
110 ST.-CATHEDRAL PKWY.,40.79607,-73.96707,7,Cathedral Pkwy (110 St) (1),308,AUTO_ACCEPT_VALIDATED_NAME
110 ST.-CATHEDRAL PKWY.,40.79998,-73.95862,3,Cathedral Pkwy (110 St) (1),308,AUTO_ACCEPT_VALIDATED_NAME
110 ST.-CENTRAL PARK NORTH,40.80842,-73.95247,2,"110 St-Malcolm X Plaza (2,3)",441,AUTO_ACCEPT_VALIDATED_NAME
14 ST.-UNION SQUARE,40.73484,-73.99076,1,"14 St-Union Sq (4,5,6,L,N,Q,R,W)",602,AUTO_ACCEPT_VALIDATED_NAME
14 ST.-UNION SQUARE,40.73521,-73.99172,1,"14 St-Union Sq (4,5,6,L,N,Q,R,W)",602,AUTO_ACCEPT_VALIDATED_NAME
14 ST.-UNION SQUARE,40.7372,-73.98327,3,"14 St-Union Sq (4,5,6,L,N,Q,R,W)",602,AUTO_ACCEPT_VALIDATED_NAME
168 ST.-WASHINGTON HTS.,40.83406,-73.94488,1,"168 St-Washington Hts (1,A,C)",605,AUTO_ACCEPT_VALIDATED_NAME
168 ST.-WASHINGTON HTS.,40.84078,-73.93625,3,"168 St-Washington Hts (1,A,C)",605,AUTO_ACCEPT_VALIDATED_NAME
174-175 STREETS,40.84478,-73.91131,3,"174-175 Sts (B,D)",216,AUTO_ACCEPT_VALIDATED_NAME
174-175 STREETS,40.84638,-73.90946,4,"174-175 Sts (B,D)",216,AUTO_ACCEPT_VALIDATED_NAME
174-175 STREETS,40.8536,-73.90058,1,"174-175 Sts (B,D)",216,AUTO_ACCEPT_VALIDATED_NAME
179 ST.-JAMAICA,40.71249,-73.78446,10,Jamaica-179 St (F),254,AUTO_ACCEPT_VALIDATED_NAME
179 ST.-JAMAICA,40.71271,-73.78356,1,Jamaica-179 St (F),254,AUTO_ACCEPT_VALIDATED_NAME
179 ST.-JAMAICA,40.71294,-73.78263,2,Jamaica-179 St (F),254,AUTO_ACCEPT_VALIDATED_NAME
182-183 STREETS,40.85742,-73.89996,1,"182-183 Sts (B,D)",214,AUTO_ACCEPT_VALIDATED_NAME
205 ST.-NORWOOD,40.86947,-73.87986,1,Norwood-205 St (D),210,AUTO_ACCEPT_VALIDATED_NAME
205 ST.-NORWOOD,40.87367,-73.87923,1,Norwood-205 St (D),210,AUTO_ACCEPT_VALIDATED_NAME
207 ST.-INWOOD,40.85121,-73.93522,1,Inwood-207 St (A),143,AUTO_ACCEPT_VALIDATED_NAME
225 ST.-MARBLE HILL,40.88286,-73.90357,1,Marble Hill-225 St (1),296,AUTO_ACCEPT_VALIDATED_NAME
23 STREET,40.7372,-73.98327,1,23 St-Baruch College (6),405,AUTO_ACCEPT_VALIDATED_NAME
23 STREET-ELY AVENUE,40.74648,-73.94402,2,"Court Sq-23 St (7,E,F,G)",606,AUTO_ACCEPT_VALIDATED_NAME
33 STREET,40.75353,-73.99454,3,33 St-Rawson St (7),460,AUTO_ACCEPT_VALIDATED_NAME
34 ST.-HERALD SQ.,40.75353,-73.99454,1,"34 St-Herald Sq (B,D,F,M,N,Q,R,W)",607,AUTO_ACCEPT_VALIDATED_NAME
34 STREET,40.74979,-73.98777,2,"34 St-Herald Sq (B,D,F,M,N,Q,R,W)",607,AUTO_ACCEPT_VALIDATED_NAME
34 STREET,40.75353,-73.99454,1,"34 St-Herald Sq (B,D,F,M,N,Q,R,W)",607,AUTO_ACCEPT_VALIDATED_NAME
42 ST.-GRAND CENTRAL,40.74642,-73.98183,1,"Grand Central-42 St (4,5,6,7,S)",610,AUTO_ACCEPT_VALIDATED_NAME
42 ST.-GRAND CENTRAL,40.75212,-73.97768,4,"Grand Central-42 St (4,5,6,7,S)",610,AUTO_ACCEPT_VALIDATED_NAME
42 ST.-GRAND CENTRAL,40.7528,-73.97929,19,"Grand Central-42 St (4,5,6,7,S)",610,AUTO_ACCEPT_VALIDATED_NAME
42 ST.-PORT AUTHORITY BUS TERM,40.75353,-73.99454,3,"Times Sq-42 St/Port Authority Bus Terminal (1,2,3,7,A,C,E,N,Q,R,W,S)",611,AUTO_ACCEPT_VALIDATED_NAME
42 ST.-PORT AUTHORITY BUS TERM,40.75604,-73.98695,2,"Times Sq-42 St/Port Authority Bus Terminal (1,2,3,7,A,C,E,N,Q,R,W,S)",611,AUTO_ACCEPT_VALIDATED_NAME
42 ST.-PORT AUTHORITY BUS TERM,40.75657,-73.99028,1,"Times Sq-42 St/Port Authority Bus Terminal (1,2,3,7,A,C,E,N,Q,R,W,S)",611,AUTO_ACCEPT_VALIDATED_NAME
42 ST.-PORT AUTHORITY BUS TERM,40.75791,-73.9893,3,"Times Sq-42 St/Port Authority Bus Terminal (1,2,3,7,A,C,E,N,Q,R,W,S)",611,AUTO_ACCEPT_VALIDATED_NAME
42 ST.-PORT AUTHORITY BUS TERM,40.75853,-73.98884,2,"Times Sq-42 St/Port Authority Bus Terminal (1,2,3,7,A,C,E,N,Q,R,W,S)",611,AUTO_ACCEPT_VALIDATED_NAME
42 ST.-TIMES SQUARE,40.75432,-73.98687,1,"Times Sq-42 St/Port Authority Bus Terminal (1,2,3,7,A,C,E,N,Q,R,W,S)",611,AUTO_ACCEPT_VALIDATED_NAME
42 ST.-TIMES SQUARE,40.75503,-73.98664,1,"Times Sq-42 St/Port Authority Bus Terminal (1,2,3,7,A,C,E,N,Q,R,W,S)",611,AUTO_ACCEPT_VALIDATED_NAME
42 ST.-TIMES SQUARE,40.75537,-73.98745,1,"Times Sq-42 St/Port Authority Bus Terminal (1,2,3,7,A,C,E,N,Q,R,W,S)",611,AUTO_ACCEPT_VALIDATED_NAME
42 ST.-TIMES SQUARE,40.75723,-73.98979,1,"Times Sq-42 St/Port Authority Bus Terminal (1,2,3,7,A,C,E,N,Q,R,W,S)",611,AUTO_ACCEPT_VALIDATED_NAME
42 ST.-TIMES SQUARE,40.75853,-73.98884,1,"Times Sq-42 St/Port Authority Bus Terminal (1,2,3,7,A,C,E,N,Q,R,W,S)",611,AUTO_ACCEPT_VALIDATED_NAME
42 STREET,40.75353,-73.99454,3,"42 St-Bryant Pk/5 Av (7,B,D,F,M)",609,AUTO_ACCEPT_VALIDATED_NAME
42 STREET,40.75355,-73.98504,8,"42 St-Bryant Pk/5 Av (7,B,D,F,M)",609,AUTO_ACCEPT_VALIDATED_NAME
42 STREET,40.75418,-73.9846,1,"42 St-Bryant Pk/5 Av (7,B,D,F,M)",609,AUTO_ACCEPT_VALIDATED_NAME
45 ROAD-COURT HOUSE SQUARE,40.74312,-73.95607,14,"Court Sq-23 St (7,E,F,G)",606,AUTO_ACCEPT_VALIDATED_NAME
45 ROAD-COURT HOUSE SQUARE,40.74582,-73.94565,2,"Court Sq-23 St (7,E,F,G)",606,AUTO_ACCEPT_VALIDATED_NAME
45 ROAD-COURT HOUSE SQUARE,40.74622,-73.94553,2,"Court Sq-23 St (7,E,F,G)",606,AUTO_ACCEPT_VALIDATED_NAME
45 ROAD-COURT HOUSE SQUARE,40.74648,-73.94402,1,"Court Sq-23 St (7,E,F,G)",606,AUTO_ACCEPT_VALIDATED_NAME
46 STREET,40.74312,-73.95607,3,46 St-Bliss St (7),458,AUTO_ACCEPT_VALIDATED_NAME
47-50 STS./ROCKEFELLER CTR.,40.75927,-73.98089,3,"47-50 Sts-Rockefeller Ctr (B,D,F,M)",225,AUTO_ACCEPT_VALIDATED_NAME
47-50 STS./ROCKEFELLER CTR.,40.76502,-73.98484,3,"47-50 Sts-Rockefeller Ctr (B,D,F,M)",225,AUTO_ACCEPT_VALIDATED_NAME
51 STREET,40.75682,-73.97114,3,"Lexington Av/51-53 Sts (6,E,F)",612,AUTO_ACCEPT_VALIDATED_NAME
57 STREET,40.76502,-73.98484,1,"57 St-7 Av (N,Q,R,W)",9,AUTO_ACCEPT_VALIDATED_NAME
59 ST.-COLUMBUS CIRCLE,40.75802,-73.98179,1,"59 St-Columbus Circle (1,A,C,B,D)",614,AUTO_ACCEPT_VALIDATED_NAME
59 ST.-COLUMBUS CIRCLE,40.76366,-73.97346,3,"59 St-Columbus Circle (1,A,C,B,D)",614,AUTO_ACCEPT_VALIDATED_NAME
59 ST.-COLUMBUS CIRCLE,40.7662,-73.97955,2,"59 St-Columbus Circle (1,A,C,B,D)",614,AUTO_ACCEPT_VALIDATED_NAME
59 STREET,40.65816,-74.00044,1,"Lexington Av/59 St (4,5,6,N,R,W)",613,AUTO_ACCEPT_VALIDATED_NAME
59 STREET,40.75682,-73.97114,8,"Lexington Av/59 St (4,5,6,N,R,W)",613,AUTO_ACCEPT_VALIDATED_NAME
71 AVE.-FOREST HILLS,40.72264,-73.85154,1,"Forest Hills-71 Av (E,F,M,R)",261,AUTO_ACCEPT_VALIDATED_NAME
72ND STREET,40.767,-73.96392,1,72 St (Q),477,AUTO_ACCEPT_VALIDATED_NAME
74 ST.-BROADWAY,40.74664,-73.89139,1,"Jackson Hts-Roosevelt Av/74 St-Broadway (7,E,F,M,R)",616,AUTO_ACCEPT_VALIDATED_NAME
74 ST.-BROADWAY,40.74675,-73.89232,2,"Jackson Hts-Roosevelt Av/74 St-Broadway (7,E,F,M,R)",616,AUTO_ACCEPT_VALIDATED_NAME
74 ST.-BROADWAY,40.74681,-73.89175,7,"Jackson Hts-Roosevelt Av/74 St-Broadway (7,E,F,M,R)",616,AUTO_ACCEPT_VALIDATED_NAME
74 ST.-BROADWAY,40.74714,-73.89241,1,"Jackson Hts-Roosevelt Av/74 St-Broadway (7,E,F,M,R)",616,AUTO_ACCEPT_VALIDATED_NAME
74 ST.-BROADWAY,40.74896,-73.89175,1,"Jackson Hts-Roosevelt Av/74 St-Broadway (7,E,F,M,R)",616,AUTO_ACCEPT_VALIDATED_NAME
74 ST.-BROADWAY,40.75657,-73.87593,9,"Jackson Hts-Roosevelt Av/74 St-Broadway (7,E,F,M,R)",616,AUTO_ACCEPT_VALIDATED_NAME
7TH AVENUE,40.68079,-73.97448,1,"7 Av (B,Q)",41,AUTO_ACCEPT_VALIDATED_NAME
8 AVENUE,40.7339,-74.0054,2,"14 St/8 Av (A,C,E,L)",618,AUTO_ACCEPT_VALIDATED_NAME
81 ST.-MUSEUM OF NATURAL HISTO,40.78425,-73.9749,1,"81 St-Museum of Natural History (C,B)",159,AUTO_ACCEPT_VALIDATED_NAME
82 ST.-JACKSON HEIGHTS,40.74684,-73.89143,1,82 St-Jackson Hts (7),453,AUTO_ACCEPT_VALIDATED_NAME
82 ST.-JACKSON HEIGHTS,40.74974,-73.88431,1,82 St-Jackson Hts (7),453,AUTO_ACCEPT_VALIDATED_NAME
82 ST.-JACKSON HEIGHTS,40.75373,-73.88504,1,82 St-Jackson Hts (7),453,AUTO_ACCEPT_VALIDATED_NAME
95 STREET-BAY RIDGE,40.61533,-74.03151,2,Bay Ridge-95 St (R),39,AUTO_ACCEPT_VALIDATED_NAME
95 STREET-BAY RIDGE,40.61758,-74.03048,4,Bay Ridge-95 St (R),39,AUTO_ACCEPT_VALIDATED_NAME
95 STREET-BAY RIDGE,40.61834,-74.03017,1,Bay Ridge-95 St (R),39,AUTO_ACCEPT_VALIDATED_NAME
9TH STREET,40.68376,-73.97876,1,"4 Av-9 St (F,G,R)",608,AUTO_ACCEPT_VALIDATED_NAME
ASTOR PLACE,40.72652,-73.98829,1,Astor Pl (6),407,AUTO_ACCEPT_VALIDATED_NAME
ATLANTIC AVENUE,40.68079,-73.97448,3,"Atlantic Av-Barclays Ctr (2,3,4,5,B,D,N,Q,R)",617,AUTO_ACCEPT_VALIDATED_NAME
ATLANTIC AVENUE,40.68285,-73.97279,1,"Atlantic Av-Barclays Ctr (2,3,4,5,B,D,N,Q,R)",617,AUTO_ACCEPT_VALIDATED_NAME
ATLANTIC AVENUE,40.68442,-73.97839,1,"Atlantic Av-Barclays Ctr (2,3,4,5,B,D,N,Q,R)",617,AUTO_ACCEPT_VALIDATED_NAME
"AVENUE ""U""",40.59402,-73.96085,2,Avenue U (Q),52,AUTO_ACCEPT_VALIDATED_NAME
"AVENUE ""U""",40.5964,-73.9785,7,Avenue U (Q),52,AUTO_ACCEPT_VALIDATED_NAME
"AVENUE ""U""",40.59698,-73.97324,8,Avenue U (Q),52,AUTO_ACCEPT_VALIDATED_NAME
BEDFORD PK. BLVD.,40.86947,-73.87986,1,"Bedford Park Blvd (B,D)",211,AUTO_ACCEPT_VALIDATED_NAME
BEDFORD PK. BLVD.,40.87975,-73.88466,1,"Bedford Park Blvd (B,D)",211,AUTO_ACCEPT_VALIDATED_NAME
BEDFORD-NOSTRAND AVENUES,40.689,-73.94503,1,Bedford-Nostrand Avs (G),289,AUTO_ACCEPT_VALIDATED_NAME
BEDFORD-NOSTRAND AVENUES,40.68986,-73.95146,4,Bedford-Nostrand Avs (G),289,AUTO_ACCEPT_VALIDATED_NAME
BEVERLEY ROAD,40.64462,-73.96216,1,Beverley Rd (Q),45,AUTO_ACCEPT_VALIDATED_NAME
BLEECKER STREET,40.72508,-73.99533,3,"Broadway-Lafayette St/Bleecker St (6,B,D,F,M)",619,AUTO_ACCEPT_VALIDATED_NAME
BOROUGH HALL,40.69372,-73.99045,4,"Borough Hall/Court St (2,3,4,5,R)",620,AUTO_ACCEPT_VALIDATED_NAME
BOROUGH HALL,40.69428,-73.99242,1,"Borough Hall/Court St (2,3,4,5,R)",620,AUTO_ACCEPT_VALIDATED_NAME
BOROUGH HALL,40.69544,-73.98323,1,"Borough Hall/Court St (2,3,4,5,R)",620,AUTO_ACCEPT_VALIDATED_NAME
BROADWAY-EAST NEW YORK,40.67113,-73.9135,2,"Broadway Junction (A,C,J,Z,L)",621,AUTO_ACCEPT_VALIDATED_NAME
BROADWAY-EAST NEW YORK,40.67787,-73.90331,1,"Broadway Junction (A,C,J,Z,L)",621,AUTO_ACCEPT_VALIDATED_NAME
BROADWAY-EAST NEW YORK,40.6789,-73.90349,2,"Broadway Junction (A,C,J,Z,L)",621,AUTO_ACCEPT_VALIDATED_NAME
BROADWAY-EAST NEW YORK,40.67952,-73.90457,2,"Broadway Junction (A,C,J,Z,L)",621,AUTO_ACCEPT_VALIDATED_NAME
BROADWAY-EASTERN PKWY,40.67113,-73.9135,3,"Broadway Junction (A,C,J,Z,L)",621,AUTO_ACCEPT_VALIDATED_NAME
BROADWAY-EASTERN PKWY,40.67787,-73.90331,1,"Broadway Junction (A,C,J,Z,L)",621,AUTO_ACCEPT_VALIDATED_NAME
BROADWAY-EASTERN PKWY,40.67859,-73.90613,2,"Broadway Junction (A,C,J,Z,L)",621,AUTO_ACCEPT_VALIDATED_NAME
BROADWAY-EASTERN PKWY,40.68004,-73.90549,1,"Broadway Junction (A,C,J,Z,L)",621,AUTO_ACCEPT_VALIDATED_NAME
BROADWAY/LAFAYETTE,40.71601,-73.99733,1,"Broadway-Lafayette St/Bleecker St (6,B,D,F,M)",619,AUTO_ACCEPT_VALIDATED_NAME
BROADWAY/NASSAU,40.71089,-74.00906,5,"Fulton St (2,3,4,5,A,C,J,Z)",628,AUTO_ACCEPT_VALIDATED_NAME
BROADWAY/NASSAU,40.72044,-74.00674,2,"Fulton St (2,3,4,5,A,C,J,Z)",628,AUTO_ACCEPT_VALIDATED_NAME
BROOKLYN BRIDGE-CITY HALL,40.71601,-73.99733,2,"Brooklyn Bridge-City Hall/Chambers St (4,5,6,J,Z)",622,AUTO_ACCEPT_VALIDATED_NAME
CHAMBERS ST.-WORLD TRADE CENTE,40.71326,-74.00926,2,"Chambers St/WTC/Park Place/Cortlandt St (2,3,A,C,E,R,W)",624,AUTO_ACCEPT_VALIDATED_NAME
CHAMBERS ST.-WORLD TRADE CENTE,40.71493,-74.00794,3,"Chambers St/WTC/Park Place/Cortlandt St (2,3,A,C,E,R,W)",624,AUTO_ACCEPT_VALIDATED_NAME
CHAMBERS ST.-WORLD TRADE CENTE,40.72044,-74.00674,1,"Chambers St/WTC/Park Place/Cortlandt St (2,3,A,C,E,R,W)",624,AUTO_ACCEPT_VALIDATED_NAME
CHAMBERS STREET,40.71601,-73.99733,1,"Brooklyn Bridge-City Hall/Chambers St (4,5,6,J,Z)",622,AUTO_ACCEPT_VALIDATED_NAME
CHAMBERS STREET,40.72044,-74.00674,1,"Brooklyn Bridge-City Hall/Chambers St (4,5,6,J,Z)",622,AUTO_ACCEPT_VALIDATED_NAME
CHRISTOPHER ST.-SHERIDAN SQ.,40.7339,-74.0054,2,Christopher St-Stonewall (1),323,AUTO_ACCEPT_VALIDATED_NAME
CHRISTOPHER ST.-SHERIDAN SQ.,40.73414,-73.99918,1,Christopher St-Stonewall (1),323,AUTO_ACCEPT_VALIDATED_NAME
CHRISTOPHER ST.-SHERIDAN SQ.,40.73855,-73.99968,1,Christopher St-Stonewall (1),323,AUTO_ACCEPT_VALIDATED_NAME
CLINTON-WASHINGTON AVENUES,40.68348,-73.96689,3,Clinton-Washington Avs (C),177,AUTO_ACCEPT_VALIDATED_NAME
CLINTON-WASHINGTON AVENUES,40.68821,-73.96582,5,Clinton-Washington Avs (C),177,AUTO_ACCEPT_VALIDATED_NAME
COURT SQUARE,40.74582,-73.94565,1,"Court Sq-23 St (7,E,F,G)",606,AUTO_ACCEPT_VALIDATED_NAME
DELANCEY STREET,40.71631,-73.98317,1,"Delancey St-Essex St (F,M,J,Z)",625,AUTO_ACCEPT_VALIDATED_NAME
DITMARS BLVD.-ASTORIA,40.77006,-73.91808,1,"Astoria-Ditmars Blvd (N,W)",1,AUTO_ACCEPT_VALIDATED_NAME
DYRE AVE.-EASTCHESTER,40.88731,-73.84727,1,Eastchester-Dyre Av (5),442,AUTO_ACCEPT_VALIDATED_NAME
EAST 149 STREET,40.81607,-73.91764,1,E 149 St (6),373,AUTO_ACCEPT_VALIDATED_NAME
EAST 177 ST.-PARKCHESTER,40.83292,-73.86272,1,Parkchester (6),366,AUTO_ACCEPT_VALIDATED_NAME
EAST 177 ST.-PARKCHESTER,40.83341,-73.85906,1,Parkchester (6),366,AUTO_ACCEPT_VALIDATED_NAME
EAST 177 ST.-PARKCHESTER,40.83349,-73.86138,1,Parkchester (6),366,AUTO_ACCEPT_VALIDATED_NAME
EAST 180 STREET,40.84416,-73.90061,2,"E 180 St (2,5)",426,AUTO_ACCEPT_VALIDATED_NAME
EAST TREMONT AV.-WESTCHESTER S,40.84151,-73.84335,2,Westchester Sq-E Tremont Av (6),363,AUTO_ACCEPT_VALIDATED_NAME
EAST TREMONT AVE.-WEST FARMS S,40.84008,-73.88019,5,"West Farms Sq-E Tremont Av (2,5)",427,AUTO_ACCEPT_VALIDATED_NAME
EAST TREMONT AVE.-WEST FARMS S,40.8402,-73.88016,2,"West Farms Sq-E Tremont Av (2,5)",427,AUTO_ACCEPT_VALIDATED_NAME
EAST TREMONT AVE.-WEST FARMS S,40.84095,-73.87938,1,"West Farms Sq-E Tremont Av (2,5)",427,AUTO_ACCEPT_VALIDATED_NAME
EAST TREMONT AVE.-WEST FARMS S,40.84416,-73.90061,1,"West Farms Sq-E Tremont Av (2,5)",427,AUTO_ACCEPT_VALIDATED_NAME
FRANKLIN AVENUE,40.66802,-73.95893,1,"Franklin Av-Medgar Evers College/Botanic Garden (2,3,4,5,S)",626,AUTO_ACCEPT_VALIDATED_NAME
FRANKLIN AVENUE,40.6688,-73.93112,1,"Franklin Av-Medgar Evers College/Botanic Garden (2,3,4,5,S)",626,AUTO_ACCEPT_VALIDATED_NAME
FRANKLIN AVENUE,40.6745,-73.93057,6,"Franklin Av-Medgar Evers College/Botanic Garden (2,3,4,5,S)",626,AUTO_ACCEPT_VALIDATED_NAME
FRANKLIN AVENUE,40.68405,-73.97746,1,"Franklin Av-Medgar Evers College/Botanic Garden (2,3,4,5,S)",626,AUTO_ACCEPT_VALIDATED_NAME
FRANKLIN AVENUE,40.689,-73.94503,1,"Franklin Av-Medgar Evers College/Botanic Garden (2,3,4,5,S)",626,AUTO_ACCEPT_VALIDATED_NAME
GRAND AVE.-NEWTON,40.74348,-73.874,1,"Grand Av-Newtown (M,R)",265,AUTO_ACCEPT_VALIDATED_NAME
HOYT-SCHERMERHORN,40.69544,-73.98323,4,"Hoyt-Schermerhorn Sts (A,C,G)",175,AUTO_ACCEPT_VALIDATED_NAME
JAY STREET-BOROUGH HALL,40.69146,-73.98735,1,"Jay St-MetroTech (A,C,F,R)",636,AUTO_ACCEPT_VALIDATED_NAME
JAY STREET-BOROUGH HALL,40.69219,-73.98627,2,"Jay St-MetroTech (A,C,F,R)",636,AUTO_ACCEPT_VALIDATED_NAME
JAY STREET-BOROUGH HALL,40.69313,-73.98725,1,"Jay St-MetroTech (A,C,F,R)",636,AUTO_ACCEPT_VALIDATED_NAME
JAY STREET-BOROUGH HALL,40.69544,-73.98323,3,"Jay St-MetroTech (A,C,F,R)",636,AUTO_ACCEPT_VALIDATED_NAME
JAY STREET-BOROUGH HALL,40.70153,-73.98675,1,"Jay St-MetroTech (A,C,F,R)",636,AUTO_ACCEPT_VALIDATED_NAME
KINGS HIGHWAY,40.59402,-73.96085,1,"Kings Hwy (B,Q)",51,AUTO_ACCEPT_VALIDATED_NAME
KINGS HIGHWAY,40.60419,-73.97218,8,"Kings Hwy (B,Q)",51,AUTO_ACCEPT_VALIDATED_NAME
KINGS HIGHWAY,40.60518,-73.98017,7,"Kings Hwy (B,Q)",51,AUTO_ACCEPT_VALIDATED_NAME
KINGSTON-THROOP AVENUES,40.689,-73.94503,2,Kingston-Throop Avs (C),180,AUTO_ACCEPT_VALIDATED_NAME
KOSCIUSKO STREET,40.6926,-73.92751,2,Kosciuszko St (J),96,AUTO_ACCEPT_VALIDATED_NAME
LEXINGTON AVENUE,40.75682,-73.97114,1,"Lexington Av/51-53 Sts (6,E,F)",612,AUTO_ACCEPT_VALIDATED_NAME
MAIN ST.-FLUSHING,40.76232,-73.82745,3,Flushing-Main St (7),447,AUTO_ACCEPT_VALIDATED_NAME
METROPOLITAN AVENUE,40.70444,-73.89378,8,"Metropolitan Av/Lorimer St (G,L)",629,AUTO_ACCEPT_VALIDATED_NAME
METROPOLITAN AVENUE,40.71221,-73.88638,1,"Metropolitan Av/Lorimer St (G,L)",629,AUTO_ACCEPT_VALIDATED_NAME
METROPOLITAN AVENUE,40.71344,-73.91467,1,"Metropolitan Av/Lorimer St (G,L)",629,AUTO_ACCEPT_VALIDATED_NAME
METROPOLITAN AVENUE,40.71407,-73.95162,2,"Metropolitan Av/Lorimer St (G,L)",629,AUTO_ACCEPT_VALIDATED_NAME
MT. EDEN AVENUE,40.83784,-73.91963,2,Mt Eden Av (4),386,AUTO_ACCEPT_VALIDATED_NAME
MYRTLE AVENUE,40.68576,-73.9155,1,"Myrtle-Wyckoff Avs (M,L)",630,AUTO_ACCEPT_VALIDATED_NAME
MYRTLE AVENUE,40.69847,-73.91777,2,"Myrtle-Wyckoff Avs (M,L)",630,AUTO_ACCEPT_VALIDATED_NAME
MYRTLE AVENUE,40.69953,-73.91104,2,"Myrtle-Wyckoff Avs (M,L)",630,AUTO_ACCEPT_VALIDATED_NAME
MYRTLE-WILLOUGHBY AVENUES,40.689,-73.94503,2,Myrtle-Willoughby Avs (G),288,AUTO_ACCEPT_VALIDATED_NAME
MYRTLE/WYCKOFF AVENUES,40.69612,-73.905,1,"Myrtle-Wyckoff Avs (M,L)",630,AUTO_ACCEPT_VALIDATED_NAME
MYRTLE/WYCKOFF AVENUES,40.69956,-73.91107,17,"Myrtle-Wyckoff Avs (M,L)",630,AUTO_ACCEPT_VALIDATED_NAME
MYRTLE/WYCKOFF AVENUES,40.69994,-73.91181,14,"Myrtle-Wyckoff Avs (M,L)",630,AUTO_ACCEPT_VALIDATED_NAME
MYRTLE/WYCKOFF AVENUES,40.70212,-73.90958,1,"Myrtle-Wyckoff Avs (M,L)",630,AUTO_ACCEPT_VALIDATED_NAME
MYRTLE/WYCKOFF AVENUES,40.70444,-73.89378,3,"Myrtle-Wyckoff Avs (M,L)",630,AUTO_ACCEPT_VALIDATED_NAME
NECK ROAD,40.59402,-73.96085,1,Neck Rd (Q),53,AUTO_ACCEPT_VALIDATED_NAME
NEW UTRECHT AVENUE,40.64635,-73.99468,1,"62 St/New Utrecht Av (D,N)",615,AUTO_ACCEPT_VALIDATED_NAME
NEWKIRK AVENUE,40.63593,-73.96248,12,"Newkirk Av-Little Haiti (2,5)",358,AUTO_ACCEPT_VALIDATED_NAME
PACIFIC STREET,40.69544,-73.98323,2,"Atlantic Av-Barclays Ctr (2,3,4,5,B,D,N,Q,R)",617,AUTO_ACCEPT_VALIDATED_NAME
PARK PLACE,40.71253,-74.00767,9,Park Pl (S),141,AUTO_ACCEPT_VALIDATED_NAME
PARK PLACE,40.72044,-74.00674,2,Park Pl (S),141,AUTO_ACCEPT_VALIDATED_NAME
PARSONS/ARCHER-JAMAICA CENTER,40.70197,-73.8019,2,"Jamaica Center-Parsons/Archer (E,J,Z)",278,AUTO_ACCEPT_VALIDATED_NAME
PARSONS/ARCHER-JAMAICA CENTER,40.70334,-73.8002,1,"Jamaica Center-Parsons/Archer (E,J,Z)",278,AUTO_ACCEPT_VALIDATED_NAME
PARSONS/ARCHER-JAMAICA CENTER,40.70724,-73.79273,2,"Jamaica Center-Parsons/Archer (E,J,Z)",278,AUTO_ACCEPT_VALIDATED_NAME
PRESIDENT STREET,40.66412,-73.94776,1,"President St-Medgar Evers College (2,5)",353,AUTO_ACCEPT_VALIDATED_NAME
ROCKAWAY PKWY-CANARSIE,40.64861,-73.90526,1,Canarsie-Rockaway Pkwy (L),138,AUTO_ACCEPT_VALIDATED_NAME
ROOSEVELT AVE.-JACKSON HEIGHTS,40.74348,-73.874,5,"Jackson Hts-Roosevelt Av/74 St-Broadway (7,E,F,M,R)",616,AUTO_ACCEPT_VALIDATED_NAME
ROOSEVELT AVE.-JACKSON HEIGHTS,40.74664,-73.89139,11,"Jackson Hts-Roosevelt Av/74 St-Broadway (7,E,F,M,R)",616,AUTO_ACCEPT_VALIDATED_NAME
ROOSEVELT AVE.-JACKSON HEIGHTS,40.74675,-73.89232,3,"Jackson Hts-Roosevelt Av/74 St-Broadway (7,E,F,M,R)",616,AUTO_ACCEPT_VALIDATED_NAME
ROOSEVELT AVE.-JACKSON HEIGHTS,40.74694,-73.8905,1,"Jackson Hts-Roosevelt Av/74 St-Broadway (7,E,F,M,R)",616,AUTO_ACCEPT_VALIDATED_NAME
ROOSEVELT AVE.-JACKSON HEIGHTS,40.75657,-73.87593,1,"Jackson Hts-Roosevelt Av/74 St-Broadway (7,E,F,M,R)",616,AUTO_ACCEPT_VALIDATED_NAME
SOUTH FERRY,40.72044,-74.00674,3,"Whitehall St-South Ferry (1,R,W)",635,AUTO_ACCEPT_VALIDATED_NAME
ST. LAWRENCE AVENUE,40.82291,-73.87004,1,St Lawrence Av (6),367,AUTO_ACCEPT_VALIDATED_NAME
STILLWELL AVENUE-CONEY ISLAND,40.57453,-74.00519,1,"Coney Island-Stillwell Av (D,F,N,Q)",58,AUTO_ACCEPT_VALIDATED_NAME
STILLWELL AVENUE-CONEY ISLAND,40.57665,-73.97648,3,"Coney Island-Stillwell Av (D,F,N,Q)",58,AUTO_ACCEPT_VALIDATED_NAME
STILLWELL AVENUE-CONEY ISLAND,40.57698,-73.98157,1,"Coney Island-Stillwell Av (D,F,N,Q)",58,AUTO_ACCEPT_VALIDATED_NAME
SUTTER AVENUE-RUTLAND ROAD,40.66112,-73.9186,1,Sutter Av-Rutland Rd (3),346,AUTO_ACCEPT_VALIDATED_NAME
SUTTER AVENUE-RUTLAND ROAD,40.66495,-73.92288,11,Sutter Av-Rutland Rd (3),346,AUTO_ACCEPT_VALIDATED_NAME
UNION SQUARE,40.73653,-73.99075,2,"14 St-Union Sq (4,5,6,L,N,Q,R,W)",602,AUTO_ACCEPT_VALIDATED_NAME
UNION SQUARE,40.7372,-73.98327,3,"14 St-Union Sq (4,5,6,L,N,Q,R,W)",602,AUTO_ACCEPT_VALIDATED_NAME
UNION TURNPIKE-KEW GARDENS,40.71512,-73.83223,1,"Kew Gardens-Union Tpke (E,F)",259,AUTO_ACCEPT_VALIDATED_NAME
UNION TURNPIKE-KEW GARDENS,40.72145,-73.84398,1,"Kew Gardens-Union Tpke (E,F)",259,AUTO_ACCEPT_VALIDATED_NAME
UTICA AVE.-CROWN HEIGHTS,40.66895,-73.93389,9,"Crown Hts-Utica Av (3,4)",345,AUTO_ACCEPT_VALIDATED_NAME
UTICA AVE.-CROWN HEIGHTS,40.6745,-73.93057,2,"Crown Hts-Utica Av (3,4)",345,AUTO_ACCEPT_VALIDATED_NAME
VAN WYCK BLVD.-BRIARWOOD,40.70887,-73.8187,10,"Briarwood (E,F)",258,AUTO_ACCEPT_VALIDATED_NAME
VAN WYCK BLVD.-BRIARWOOD,40.70917,-73.81912,1,"Briarwood (E,F)",258,AUTO_ACCEPT_VALIDATED_NAME
VAN WYCK BLVD.-BRIARWOOD,40.70979,-73.8184,1,"Briarwood (E,F)",258,AUTO_ACCEPT_VALIDATED_NAME
VAN WYCK BLVD.-BRIARWOOD,40.71133,-73.81877,13,"Briarwood (E,F)",258,AUTO_ACCEPT_VALIDATED_NAME
VAN WYCK BLVD.-BRIARWOOD,40.71249,-73.81743,1,"Briarwood (E,F)",258,AUTO_ACCEPT_VALIDATED_NAME
VAN WYCK BLVD.-BRIARWOOD,40.71702,-73.79319,1,"Briarwood (E,F)",258,AUTO_ACCEPT_VALIDATED_NAME
VAN WYCK BLVD.-BRIARWOOD,40.73011,-73.81091,1,"Briarwood (E,F)",258,AUTO_ACCEPT_VALIDATED_NAME
VAN WYCK BLVD.-BRIARWOOD,40.74467,-73.93168,1,"Briarwood (E,F)",258,AUTO_ACCEPT_VALIDATED_NAME
W. 4 STREET,40.73106,-74.00141,5,"W 4 St-Wash Sq (A,C,E,B,D,F,M)",167,AUTO_ACCEPT_VALIDATED_NAME
W. 4 STREET,40.73293,-74.00006,1,"W 4 St-Wash Sq (A,C,E,B,D,F,M)",167,AUTO_ACCEPT_VALIDATED_NAME
W. 4 STREET,40.73361,-73.99956,1,"W 4 St-Wash Sq (A,C,E,B,D,F,M)",167,AUTO_ACCEPT_VALIDATED_NAME
W. 4 STREET,40.7339,-74.0054,6,"W 4 St-Wash Sq (A,C,E,B,D,F,M)",167,AUTO_ACCEPT_VALIDATED_NAME
WEST 34 STREET/HUDSON YARDS,40.74266,-73.99805,2,34 St-Hudson Yards (7),471,AUTO_ACCEPT_VALIDATED_NAME
WEST 34 STREET/HUDSON YARDS,40.75079,-74.00563,1,34 St-Hudson Yards (7),471,AUTO_ACCEPT_VALIDATED_NAME
WEST 34 STREET/HUDSON YARDS,40.75458,-73.99914,1,34 St-Hudson Yards (7),471,AUTO_ACCEPT_VALIDATED_NAME
WYCKOFF AVENUE,40.69953,-73.91104,2,"Myrtle-Wyckoff Avs (M,L)",630,AUTO_ACCEPT_VALIDATED_NAME
WYCKOFF AVENUE,40.69956,-73.91107,1,"Myrtle-Wyckoff Avs (M,L)",630,AUTO_ACCEPT_VALIDATED_NAME
1 AVENUE,40.73521,-73.99172,1,,,UNRESOLVED
1 AVENUE,40.7372,-73.98327,1,,,UNRESOLVED
102 STREET,40.69516,-73.8454,3,,,UNRESOLVED
102 STREET,40.69519,-73.84295,1,,,UNRESOLVED
110 STREET,40.78946,-73.94763,1,,,UNRESOLVED
116 STREET,40.80777,-73.94548,1,,,UNRESOLVED
116 STREET,40.80842,-73.95247,1,,,UNRESOLVED
125 STREET,40.80093,-73.9411,2,,,UNRESOLVED
125 STREET,40.80202,-73.94968,1,,,UNRESOLVED
14 STREET,40.71033,-74.00954,1,,,AMBIGUOUS
14 STREET,40.7339,-74.0054,1,,,AMBIGUOUS
14 STREET,40.73484,-73.99076,1,,,AMBIGUOUS
14 STREET,40.73521,-73.99172,6,,,AMBIGUOUS
14 STREET,40.7372,-73.98327,21,,,AMBIGUOUS
14 STREET,40.73924,-73.99918,2,,,AMBIGUOUS
14 STREET,40.74108,-74.00156,13,,,AMBIGUOUS
14 STREET,40.74266,-73.99805,2,,,AMBIGUOUS
145 STREET,40.82862,-73.94385,1,,,UNRESOLVED
149 ST.-GRAND CONCOURSE,40.81035,-73.92494,5,,,UNRESOLVED
15 ST.-PROSPECT PARK,40.65816,-74.00044,1,,,UNRESOLVED
161 ST.-YANKEE STADIUM,40.83784,-73.91963,6,,,UNRESOLVED
161 ST.-YANKEE STADIUM,40.84478,-73.91131,1,,,UNRESOLVED
167 STREET,40.82781,-73.92593,1,,,UNRESOLVED
183 STREET,40.86947,-73.87986,1,,,UNRESOLVED
200 ST.-DYCKMAN ST.,40.85121,-73.93522,1,,,AMBIGUOUS
21 ST.-QUEENSBRIDGE,40.7695,-73.91502,1,,,UNRESOLVED
21 STREET,40.74648,-73.94402,1,,,UNRESOLVED
219 STREET,40.88731,-73.84727,1,,,UNRESOLVED
231 STREET,40.88286,-73.90357,1,,,UNRESOLVED
28 STREET,40.74266,-73.99805,1,,,UNRESOLVED
3 AVENUE,40.73521,-73.99172,1,,,UNRESOLVED
3 AVENUE-138 STREET,40.80556,-73.91452,1,,,UNRESOLVED
3 AVENUE-138 STREET,40.81607,-73.91764,1,,,UNRESOLVED
3 AVENUE-149 STREET,40.80821,-73.90784,2,,,UNRESOLVED
3 AVENUE-149 STREET,40.81035,-73.92494,3,,,UNRESOLVED
30 AVENUE,40.7695,-73.91502,1,,,UNRESOLVED
4 AVENUE-9 STREET,40.68079,-73.97448,1,,,UNRESOLVED
5 AVENUE,40.75348,-73.98089,18,,,AMBIGUOUS
5 AVENUE,40.75604,-73.98695,1,,,AMBIGUOUS
5 AVENUE,40.76502,-73.98484,1,,,AMBIGUOUS
50 STREET,40.62584,-73.99094,1,,,UNRESOLVED
52 STREET,40.74312,-73.95607,1,,,UNRESOLVED
61 ST.-WOODSIDE,40.74312,-73.95607,2,,,UNRESOLVED
66 ST.-LINCOLN CENTER,40.78425,-73.9749,2,,,UNRESOLVED
69 STREET,40.74312,-73.95607,1,,,UNRESOLVED
7 AVENUE,40.68079,-73.97448,2,,,UNRESOLVED
7 AVENUE,40.76502,-73.98484,2,,,UNRESOLVED
71 STREET,40.60222,-74.00295,1,,,UNRESOLVED
72 STREET,40.78425,-73.9749,4,,,UNRESOLVED
77 STREET,40.767,-73.96392,1,,,UNRESOLVED
79 STREET,40.78425,-73.9749,1,,,UNRESOLVED
86 STREET,40.767,-73.96392,12,,,UNRESOLVED
9 AVENUE,40.62584,-73.99094,2,,,UNRESOLVED
90 ST.-ELMHURST AVE.,40.74684,-73.89143,1,,,UNRESOLVED
96 STREET,40.79607,-73.96707,5,,,UNRESOLVED
ALLERTON AVENUE,40.85658,-73.84389,1,,,UNRESOLVED
BAY PARKWAY,40.61324,-73.98206,1,,,AMBIGUOUS
BAY PARKWAY,40.61355,-73.98175,19,,,AMBIGUOUS
BAY PARKWAY,40.62584,-73.99094,1,,,AMBIGUOUS
BEACH 36 STREET,40.60278,-73.75012,9,,,UNRESOLVED
BEDFORD AVENUE,40.71407,-73.94937,1,,,UNRESOLVED
BEDFORD AVENUE,40.727,-73.95298,1,,,UNRESOLVED
BOWERY,40.71601,-73.99733,1,,,UNRESOLVED
BOWLING GREEN,40.72044,-74.00674,1,,,UNRESOLVED
BROAD CHANNEL,40.58594,-73.8161,1,,,UNRESOLVED
BROOK AVENUE,40.80556,-73.91452,1,,,UNRESOLVED
BROOK AVENUE,40.80821,-73.90784,1,,,UNRESOLVED
BROOK AVENUE,40.81035,-73.92494,2,,,UNRESOLVED
BUHRE AVENUE,40.83072,-73.82713,1,,,UNRESOLVED
BURNSIDE AVENUE,40.8536,-73.90058,2,,,UNRESOLVED
CANAL STREET,40.72044,-74.00674,4,,,UNRESOLVED
CENTRAL AVENUE,40.69847,-73.91777,1,,,UNRESOLVED
CLARK STREET,40.69544,-73.98323,2,,,UNRESOLVED
CORTLANDT STREET,40.71037,-74.01123,9,,,AMBIGUOUS
CYPRESS AVENUE,40.80821,-73.90784,1,,,UNRESOLVED
CYPRESS AVENUE,40.80907,-73.91157,1,,,UNRESOLVED
DEKALB AVENUE,40.69544,-73.98323,4,,,UNRESOLVED
DEKALB AVENUE,40.69953,-73.91104,1,,,UNRESOLVED
DISTRICT 1 OFFICE,40.76841,-73.98204,10,,,ADMIN_LOCATION
DISTRICT 11 OFFICE,40.82781,-73.92593,5,,,ADMIN_LOCATION
DISTRICT 2 OFFICE,40.72063,-74.00521,7,,,ADMIN_LOCATION
DISTRICT 20 OFFICE,40.70968,-73.82003,19,,,ADMIN_LOCATION
DISTRICT 20 OFFICE,40.70979,-73.8184,1,,,ADMIN_LOCATION
DISTRICT 32 OFFICE,40.66802,-73.95893,6,,,ADMIN_LOCATION
DISTRICT 33 OFFICE,40.67787,-73.90331,4,,,ADMIN_LOCATION
DISTRICT 34 OFFICE,40.57997,-73.97465,1,,,ADMIN_LOCATION
DISTRICT 4 OFFICE,40.73521,-73.99172,1,,,ADMIN_LOCATION
DITMAS AVENUE,40.62584,-73.99094,1,,,UNRESOLVED
EAST BROADWAY,40.71631,-73.98317,4,,,UNRESOLVED
EASTERN PKWY-BROOKLYN MUSEUM,40.6745,-73.93057,2,,,UNRESOLVED
ELMHURST AVE.,40.74348,-73.874,2,,,UNRESOLVED
EUCLID AVENUE,40.67136,-73.88181,1,,,UNRESOLVED
FLATBUSH AVE.-BROOKLYN COLLEGE,40.6306,-73.97371,1,,,UNRESOLVED
FORDHAM ROAD,40.8536,-73.90058,1,,,AMBIGUOUS
FORDHAM ROAD,40.86244,-73.89714,1,,,AMBIGUOUS
FORDHAM ROAD,40.86947,-73.87986,3,,,AMBIGUOUS
FOREST AVENUE,40.70444,-73.89378,1,,,UNRESOLVED
FORT HAMILTON PKWY,40.62584,-73.99094,1,,,UNRESOLVED
FORT HAMILTON PKWY,40.64769,-73.98036,1,,,UNRESOLVED
FORT HAMILTON PKWY,40.65816,-74.00044,9,,,UNRESOLVED
FULTON STREET,40.72044,-74.00674,8,,,UNRESOLVED
GRAND ARMY PLAZA,40.68079,-73.97448,2,,,UNRESOLVED
GRAND STREET,40.71601,-73.99733,1,,,UNRESOLVED
GREENPOINT AVENUE,40.727,-73.95298,2,,,UNRESOLVED
GUN HILL ROAD,40.87039,-73.84609,4,,,AMBIGUOUS
GUN HILL ROAD,40.88782,-73.83101,1,,,AMBIGUOUS
HOWARD BEACH-JFK AIRPORT,40.6824,-73.84007,1,,,UNRESOLVED
HUNTS POINT AVENUE,40.81493,-73.89765,1,,,UNRESOLVED
HUNTS POINT AVENUE,40.81621,-73.896,1,,,UNRESOLVED
JACKSON AVENUE,40.81035,-73.92494,1,,,UNRESOLVED
JAMAICA-VAN WYCK,40.69932,-73.83157,3,,,UNRESOLVED
JUNCTION BLVD.,40.75657,-73.87593,4,,,UNRESOLVED
JUNIUS STREET,40.66366,-73.90145,1,,,UNRESOLVED
KINGSBRIDGE ROAD,40.86788,-73.893,1,,,AMBIGUOUS
KINGSBRIDGE ROAD,40.86923,-73.89604,1,,,AMBIGUOUS
KINGSBRIDGE ROAD,40.86947,-73.87986,2,,,AMBIGUOUS
LEXINGTON AVE.,40.75682,-73.97114,3,,,AMBIGUOUS
LEXINGTON AVE.,40.76406,-73.96476,1,,,AMBIGUOUS
LEXINGTON AVE.,40.767,-73.96392,3,,,AMBIGUOUS
LIVONIA AVENUE,40.67113,-73.9135,1,,,UNRESOLVED
LIVONIA AVENUE,40.67136,-73.88181,1,,,UNRESOLVED
MARCY AVENUE,40.70655,-73.9504,2,,,UNRESOLVED
NEVINS STREET,40.69022,-73.96028,1,,,UNRESOLVED
NEW LOTS AVENUE,40.67136,-73.88181,1,,,UNRESOLVED
OCEAN PKWY,40.57665,-73.97648,1,,,UNRESOLVED
PARKSIDE AVENUE,40.66412,-73.94776,1,,,UNRESOLVED
PARSONS BLVD.,40.70903,-73.79818,1,,,UNRESOLVED
PRINCE STREET,40.71601,-73.99733,1,,,UNRESOLVED
PROSPECT AVENUE,40.80821,-73.90784,1,,,UNRESOLVED
PROSPECT AVENUE,40.81035,-73.92494,2,,,UNRESOLVED
QUEENS PLAZA,40.74312,-73.95607,2,,,UNRESOLVED
QUEENSBORO PLAZA,40.74312,-73.95607,3,,,UNRESOLVED
QUEENSBORO PLAZA,40.75323,-73.94671,1,,,UNRESOLVED
RALPH AVENUE,40.67928,-73.92906,1,,,UNRESOLVED
RALPH AVENUE,40.68946,-73.92403,1,,,UNRESOLVED
ROCKAWAY PARK-BEACH 116 ST.,40.58594,-73.8161,1,,,UNRESOLVED
ROOSEVELT ISLAND,40.7695,-73.91502,4,,,UNRESOLVED
SENECA AVENUE,40.70444,-73.89378,1,,,UNRESOLVED
SPRING STREET,40.71601,-73.99733,1,,,UNRESOLVED
SUTPHIN BLVD.,40.70845,-73.80022,1,,,UNRESOLVED
SUTPHIN BLVD.,40.73011,-73.81091,4,,,UNRESOLVED
UTICA AVENUE,40.67887,-73.92165,1,,,UNRESOLVED
UTICA AVENUE,40.68946,-73.92403,2,,,UNRESOLVED
VAN SICLEN AVENUE,40.67136,-73.88181,1,,,UNRESOLVED
WALL STREET,40.72044,-74.00674,1,,,UNRESOLVED
WHITEHALL ST.-SOUTH FERRY,40.72044,-74.00674,1,,,UNRESOLVED
WHITLOCK AVENUE,40.8228,-73.88733,1,,,UNRESOLVED
WOODHAVEN BLVD.,40.74348,-73.874,2,,,UNRESOLVED
WOODLAWN,40.86947,-73.87986,1,,,UNRESOLVED
ZEREGA AVENUE,40.83072,-73.82713,1,,,UNRESOLVED
