station_complex_id,station_complex,latitude,longitude
1,"Astoria-Ditmars Blvd (N,W)",40.775036,-73.91203
10,"49 St (N,R,W)",40.7599,-73.98414
100,"Hewes St (M,J)",40.70687,-73.95343
101,"Marcy Av (M,J,Z)",40.70836,-73.957756
103,"Bowery (J,Z)",40.72028,-73.99391
107,"Broad St (J,Z)",40.706474,-74.011055
108,Middle Village-Metropolitan Av (M),40.711395,-73.8896
109,Fresh Pond Rd (M),40.706184,-73.895874
110,Forest Av (M),40.704422,-73.903076
111,Seneca Av (M),40.702763,-73.90774
113,Knickerbocker Av (M),40.698666,-73.91971
114,Central Av (M),40.697857,-73.9274
118,3 Av (L),40.73285,-73.98612
119,1 Av (L),40.730953,-73.98163
120,Bedford Av (L),40.717304,-73.95687
122,Graham Av (L),40.714565,-73.94405
123,Grand St (L),40.711926,-73.94067
124,Montrose Av (L),40.70774,-73.93985
125,Morgan Av (L),40.706154,-73.93314
126,Jefferson St (L),40.706608,-73.92291
127,DeKalb Av (L),40.70381,-73.91843
129,Halsey St (L),40.695602,-73.90408
13,"28 St (R,W)",40.745495,-73.98869
130,Wilson Av (L),40.688763,-73.904045
131,Bushwick Av-Aberdeen St (L),40.68283,-73.90525
133,Atlantic Av (L),40.675346,-73.9031
134,Sutter Av (L),40.66937,-73.90198
135,Livonia Av (L),40.66404,-73.90057
136,New Lots Av (L),40.658733,-73.89923
137,East 105 St (L),40.650574,-73.89948
138,Canarsie-Rockaway Pkwy (L),40.646652,-73.90185
14,"23 St (R,W)",40.741302,-73.98934
141,Park Pl (S),40.67477,-73.95763
143,Inwood-207 St (A),40.868073,-73.9199
144,Dyckman St (A),40.86549,-73.92727
145,190 St (A),40.85902,-73.93418
146,181 St (A),40.851696,-73.937965
147,175 St (A),40.84739,-73.939705
149,163 St-Amsterdam Av (C),40.836014,-73.939896
150,155 St (C),40.830517,-73.94151
151,"145 St (A,C,B,D)",40.824783,-73.944214
152,"135 St (C,B)",40.817894,-73.94765
153,"125 St (A,C,B,D)",40.811108,-73.95235
154,"116 St (C,B)",40.805084,-73.95488
155,"Cathedral Pkwy (110 St) (C,B)",40.800602,-73.95816
156,"103 St (C,B)",40.796093,-73.96146
157,"96 St (C,B)",40.79164,-73.9647
158,"86 St (C,B)",40.78587,-73.96892
159,"81 St-Museum of Natural History (C,B)",40.781433,-73.972145
16,"8 St-NYU (R,W)",40.730328,-73.99263
160,"72 St (C,B)",40.775593,-73.97641
162,"50 St (C,E)",40.762455,-73.985985
164,"34 St-Penn Station (A,C,E)",40.75229,-73.99339
165,"23 St (C,E)",40.745907,-73.99804
167,"W 4 St-Wash Sq (A,C,E,B,D,F,M)",40.732338,-74.000496
168,"Spring St (C,E)",40.726227,-74.00374
169,"Canal St (A,C,E)",40.720825,-74.005226
17,"Prince St (R,W)",40.72433,-73.9977
173,"High St (A,C)",40.699337,-73.99053
175,"Hoyt-Schermerhorn Sts (A,C,G)",40.688484,-73.985
176,Lafayette Av (C),40.68611,-73.973946
177,Clinton-Washington Avs (C),40.68326,-73.965836
179,"Nostrand Av (A,C)",40.68044,-73.950424
180,Kingston-Throop Avs (C),40.67992,-73.94086
181,"Utica Av (A,C)",40.679363,-73.93073
182,Ralph Av (C),40.67882,-73.920784
183,Rockaway Av (C),40.67834,-73.91195
185,Liberty Av (C),40.67454,-73.896545
186,Van Siclen Av (C),40.67271,-73.89036
187,Shepherd Av (C),40.67413,-73.88075
188,"Euclid Av (A,C)",40.675377,-73.87211
189,Grant Av (A),40.677044,-73.86505
190,80 St (A),40.67937,-73.85899
191,88 St (A),40.679844,-73.85147
192,Rockaway Blvd (A),40.680428,-73.84386
193,104 St (A),40.68171,-73.837685
194,111 St (A),40.68433,-73.83216
195,Ozone Park-Lefferts Blvd (A),40.68595,-73.8258
196,Aqueduct Racetrack (A),40.672096,-73.83592
197,Aqueduct-N Conduit Av (A),40.668236,-73.83406
198,Howard Beach-JFK Airport (A),40.660477,-73.8303
199,"Broad Channel (A,S)",40.608383,-73.815926
2,"Astoria Blvd (N,W)",40.77026,-73.91785
20,"City Hall (R,W)",40.713284,-74.00698
200,"Beach 90 St (A,S)",40.588036,-73.813644
201,"Beach 98 St (A,S)",40.585308,-73.82056
202,"Beach 105 St (A,S)",40.58321,-73.82756
203,"Rockaway Park-Beach 116 St (A,S)",40.580902,-73.835594
204,Beach 67 St (A),40.590927,-73.79692
205,Beach 60 St (A),40.592373,-73.78852
206,Beach 44 St (A),40.59294,-73.77602
207,Beach 36 St (A),40.595398,-73.76817
208,Beach 25 St (A),40.600067,-73.76135
209,Far Rockaway-Mott Av (A),40.603996,-73.7554
210,Norwood-205 St (D),40.87481,-73.87885
211,"Bedford Park Blvd (B,D)",40.873245,-73.88714
212,"Kingsbridge Rd (B,D)",40.866978,-73.89351
213,"Fordham Rd (B,D)",40.861298,-73.89775
214,"182-183 Sts (B,D)",40.856094,-73.90074
215,"Tremont Av (B,D)",40.85041,-73.90523
216,"174-175 Sts (B,D)",40.8459,-73.91013
217,"170 St (B,D)",40.839306,-73.9134
218,"167 St (B,D)",40.83377,-73.91844
22,"Rector St (R,W)",40.70722,-74.01334
220,"155 St (B,D)",40.830135,-73.93821
221,21 St-Queensbridge (M),40.754204,-73.94283
222,Roosevelt Island (M),40.759144,-73.95326
223,"Lexington Av/63 St (M,Q)",40.76463,-73.96611
224,57 St (M),40.763973,-73.97745
225,"47-50 Sts-Rockefeller Ctr (B,D,F,M)",40.758663,-73.98133
228,"23 St (F,M)",40.742878,-73.99282
231,"Grand St (B,D)",40.718266,-73.99375
232,2 Av (F),40.7234,-73.98994
234,East Broadway (F),40.713715,-73.99017
235,York St (F),40.701397,-73.98675
236,"Bergen St (F,G)",40.686146,-73.99086
237,"Carroll St (F,G)",40.6803,-73.99505
238,"Smith-9 Sts (F,G)",40.67358,-73.99596
240,"7 Av (F,G)",40.66627,-73.98031
241,"15 St-Prospect Park (F,G)",40.660366,-73.97949
242,"Fort Hamilton Pkwy (F,G)",40.650784,-73.97578
243,"Church Av (F,G)",40.64404,-73.979675
244,Ditmas Av (F),40.63612,-73.97817
245,18 Av (F),40.629753,-73.976974
246,Avenue I (F),40.62532,-73.97613
247,Bay Pkwy (F),40.62077,-73.975266
248,Avenue N (F),40.61514,-73.9742
249,Avenue P (F),40.608944,-73.97302
250,Kings Hwy (F),40.603218,-73.97236
251,Avenue U (F),40.59606,-73.97336
254,Jamaica-179 St (F),40.712646,-73.78381
255,169 St (F),40.71047,-73.7936
256,Parsons Blvd (F),40.707565,-73.80333
257,Sutphin Blvd (F),40.70546,-73.81071
258,"Briarwood (E,F)",40.70918,-73.82057
259,"Kew Gardens-Union Tpke (E,F)",40.71444,-73.83101
26,"DeKalb Av (B,Q,R)",40.690636,-73.98183
260,"75 Av (E,F)",40.71833,-73.837326
261,"Forest Hills-71 Av (E,F,M,R)",40.72169,-73.84452
262,"67 Av (M,R)",40.726524,-73.85272
263,"63 Dr-Rego Park (M,R)",40.729847,-73.8616
264,"Woodhaven Blvd (M,R)",40.733105,-73.86923
265,"Grand Av-Newtown (M,R)",40.737015,-73.87722
266,"Elmhurst Av (M,R)",40.742455,-73.88202
268,"65 St (M,R)",40.74967,-73.89845
269,"Northern Blvd (M,R)",40.752884,-73.906006
270,"46 St (M,R)",40.756313,-73.91333
271,"Steinway St (M,R)",40.756878,-73.92074
272,"36 St (M,R)",40.75204,-73.92878
273,"Queens Plaza (E,F,R)",40.748974,-73.93724
276,"5 Av/53 St (E,F)",40.760166,-73.97523
277,"7 Av (E,B,D)",40.762863,-73.981636
278,"Jamaica Center-Parsons/Archer (E,J,Z)",40.70215,-73.80111
279,"Sutphin Blvd-Archer Av-JFK Airport (E,J,Z)",40.700485,-73.80797
28,Union St (R),40.677315,-73.98311
280,Jamaica-Van Wyck (E),40.702564,-73.81686
282,21 St (G),40.744064,-73.94972
283,Greenpoint Av (G),40.731354,-73.95445
284,Nassau Av (G),40.724636,-73.95128
286,Broadway (G),40.706093,-73.95031
287,Flushing Av (G),40.70038,-73.95023
288,Myrtle-Willoughby Avs (G),40.69457,-73.94904
289,Bedford-Nostrand Avs (G),40.68963,-73.95352
290,Classon Av (G),40.688873,-73.96007
291,Clinton-Washington Avs (G),40.688087,-73.96684
292,Fulton St (G),40.68712,-73.97537
293,Van Cortlandt Park-242 St (1),40.889248,-73.89858
294,238 St (1),40.884666,-73.90087
295,231 St (1),40.878857,-73.90483
296,Marble Hill-225 St (1),40.87456,-73.90983
297,215 St (1),40.869446,-73.915276
298,207 St (1),40.86462,-73.91882
299,Dyckman St (1),40.86053,-73.92554
3,"30 Av (N,W)",40.76678,-73.92148
30,Prospect Av (R),40.665413,-73.992874
300,191 St (1),40.855225,-73.92941
301,181 St (1),40.849506,-73.93359
303,157 St (1),40.83404,-73.94489
304,145 St (1),40.82655,-73.95036
305,137 St-City College (1),40.822006,-73.953674
306,125 St (1),40.815582,-73.958374
307,116 St-Columbia University (1),40.80772,-73.96411
308,Cathedral Pkwy (110 St) (1),40.803967,-73.96685
309,103 St (1),40.799446,-73.968376
31,25 St (R),40.660397,-73.99809
310,"96 St (1,2,3)",40.79392,-73.97232
311,86 St (1),40.788643,-73.97622
312,79 St (1),40.783936,-73.97992
313,"72 St (1,2,3)",40.778454,-73.98197
314,66 St-Lincoln Center (1),40.77344,-73.98221
316,50 St (1),40.761726,-73.98385
318,"34 St-Penn Station (1,2,3)",40.750374,-73.99106
319,28 St (1),40.747215,-73.99336
32,"36 St (D,N,R)",40.655144,-74.00355
320,23 St (1),40.74408,-73.99566
321,18 St (1),40.74104,-73.99787
323,Christopher St-Stonewall (1),40.73342,-74.00291
324,Houston St (1),40.728252,-74.00536
325,Canal St (1),40.722855,-74.00628
326,Franklin St (1),40.71932,-74.00689
327,"Chambers St (1,2,3)",40.715477,-74.00927
328,WTC Cortlandt (1),40.711834,-74.01219
329,Rector St (1),40.70751,-74.01379
33,45 St (R),40.648937,-74.01001
333,"Wall St (2,3)",40.70682,-74.0091
334,"Clark St (2,3)",40.697468,-73.99309
336,"Hoyt St (2,3)",40.690544,-73.98506
337,"Nevins St (2,3,4,5)",40.688248,-73.98049
339,"Bergen St (2,3)",40.68083,-73.9751
34,53 St (R),40.64507,-74.01403
340,"Grand Army Plaza (2,3)",40.675236,-73.97105
341,"Eastern Pkwy-Brooklyn Museum (2,3)",40.671986,-73.96438
343,Nostrand Av (3),40.669846,-73.95046
344,Kingston Av (3),40.6694,-73.94216
345,"Crown Hts-Utica Av (3,4)",40.668896,-73.932945
346,Sutter Av-Rutland Rd (3),40.66472,-73.92261
347,Saratoga Av (3),40.661453,-73.91633
348,Rockaway Av (3),40.662548,-73.90894
349,Junius St (3),40.663513,-73.90245
35,"59 St (N,R)",40.64136,-74.01788
350,Pennsylvania Av (3),40.664635,-73.8949
351,Van Siclen Av (3),40.665447,-73.8894
352,New Lots Av (3),40.666237,-73.88408
353,"President St-Medgar Evers College (2,5)",40.667885,-73.95068
354,"Sterling St (2,5)",40.662743,-73.95085
355,"Winthrop St (2,5)",40.65665,-73.9502
356,"Church Av (2,5)",40.650845,-73.94958
357,"Beverly Rd (2,5)",40.6451,-73.94896
358,"Newkirk Av-Little Haiti (2,5)",40.63997,-73.94841
359,"Flatbush Av-Brooklyn College (2,5)",40.632835,-73.94764
36,Bay Ridge Av (R),40.634968,-74.02338
360,Pelham Bay Park (6),40.852463,-73.82812
361,Buhre Av (6),40.84681,-73.832565
362,Middletown Rd (6),40.843864,-73.83632
363,Westchester Sq-E Tremont Av (6),40.839893,-73.84295
364,Zerega Av (6),40.836487,-73.84704
365,Castle Hill Av (6),40.834255,-73.85122
366,Parkchester (6),40.833225,-73.86082
367,St Lawrence Av (6),40.83151,-73.867615
368,Morrison Av-Soundview (6),40.82952,-73.87452
369,Elder Av (6),40.828583,-73.87916
37,77 St (R),40.62974,-74.02551
370,Whitlock Av (6),40.826527,-73.886284
371,Hunts Point Av (6),40.82095,-73.89055
372,Longwood Av (6),40.816105,-73.89644
373,E 149 St (6),40.81212,-73.9041
374,E 143 St-St Mary's St (6),40.80872,-73.90765
375,Cypress Av (6),40.805367,-73.91404
376,Brook Av (6),40.807568,-73.91924
377,3 Av-138 St (6),40.810474,-73.92614
378,Woodlawn (4),40.886036,-73.87875
379,Mosholu Pkwy (4),40.87975,-73.88466
38,86 St (R),40.62269,-74.0284
380,Bedford Park Blvd-Lehman College (4),40.873413,-73.89006
381,Kingsbridge Rd (4),40.86776,-73.89717
382,Fordham Rd (4),40.862804,-73.90103
383,183 St (4),40.858406,-73.90388
384,Burnside Av (4),40.853455,-73.907684
385,176 St (4),40.84848,-73.9118
386,Mt Eden Av (4),40.844433,-73.91469
387,170 St (4),40.840076,-73.91779
388,167 St (4),40.835537,-73.9214
39,Bay Ridge-95 St (R),40.616623,-74.030876
391,"138 St-Grand Concourse (4,5)",40.813225,-73.92985
392,"125 St (4,5,6)",40.80414,-73.93759
393,116 St (6),40.79863,-73.94162
394,110 St (6),40.79502,-73.94425
395,103 St (6),40.7906,-73.94748
396,96 St (6),40.78567,-73.95107
397,"86 St (4,5,6)",40.77949,-73.95559
398,77 St (6),40.77362,-73.95988
399,68 St-Hunter College (6),40.768143,-73.96387
4,"Broadway (N,W)",40.76182,-73.92551
403,33 St (6),40.746082,-73.98208
404,28 St (6),40.74307,-73.98426
405,23 St-Baruch College (6),40.739864,-73.9866
407,Astor Pl (6),40.730053,-73.99107
409,Spring St (6),40.7223,-73.99714
41,"7 Av (B,Q)",40.67705,-73.97237
413,"Wall St (4,5)",40.707558,-74.01186
414,"Bowling Green (4,5)",40.70482,-74.01407
416,Wakefield-241 St (2),40.903126,-73.85062
417,"Nereid Av (2,5)",40.89838,-73.85438
418,"233 St (2,5)",40.893192,-73.857475
419,"225 St (2,5)",40.888023,-73.860344
42,"Prospect Park (B,Q,S)",40.661613,-73.96225
420,"219 St (2,5)",40.883896,-73.86263
421,"Gun Hill Rd (2,5)",40.87785,-73.86626
422,"Burke Av (2,5)",40.871357,-73.867165
423,"Allerton Av (2,5)",40.865463,-73.867355
424,"Pelham Pkwy (2,5)",40.857193,-73.867615
425,"Bronx Park East (2,5)",40.848827,-73.868454
426,"E 180 St (2,5)",40.841892,-73.87349
427,"West Farms Sq-E Tremont Av (2,5)",40.840294,-73.88005
428,"174 St (2,5)",40.837288,-73.88773
429,"Freeman St (2,5)",40.829994,-73.89187
43,Parkside Av (Q),40.655293,-73.961494
430,"Simpson St (2,5)",40.824074,-73.89307
431,"Intervale Av (2,5)",40.82218,-73.896736
432,"Prospect Av (2,5)",40.819584,-73.90177
433,"Jackson Av (2,5)",40.81649,-73.90781
434,"3 Av-149 St (2,5)",40.81611,-73.917755
436,Harlem-148 St (3),40.82388,-73.93647
437,145 St (3),40.82042,-73.93625
438,"135 St (2,3)",40.814228,-73.94077
439,"125 St (2,3)",40.807755,-73.945496
44,"Church Av (B,Q)",40.650528,-73.96298
440,"116 St (2,3)",40.802097,-73.94962
441,"110 St-Malcolm X Plaza (2,3)",40.799076,-73.95182
442,Eastchester-Dyre Av (5),40.8883,-73.83083
443,Baychester Av (5),40.878662,-73.83859
444,Gun Hill Rd (5),40.869526,-73.84638
445,Pelham Pkwy (5),40.858986,-73.85536
446,Morris Park (5),40.854362,-73.8605
447,Flushing-Main St (7),40.7596,-73.83003
448,Mets-Willets Point (7),40.754623,-73.84563
449,111 St (7),40.75173,-73.85533
45,Beverley Rd (Q),40.64403,-73.96449
450,103 St-Corona Plaza (7),40.749866,-73.8627
451,Junction Blvd (7),40.749146,-73.86953
452,90 St-Elmhurst Av (7),40.74841,-73.87661
453,82 St-Jackson Hts (7),40.747658,-73.8837
455,69 St (7),40.746326,-73.8964
456,61 St-Woodside (7),40.74563,-73.902985
457,52 St (7),40.74415,-73.91255
458,46 St-Bliss St (7),40.743134,-73.918434
459,40 St-Lowery St (7),40.743782,-73.92402
46,Cortelyou Rd (Q),40.640926,-73.96389
460,33 St-Rawson St (7),40.744587,-73.931
461,"Queensboro Plaza (7,N,W)",40.750584,-73.9402
463,Hunters Point Av (7),40.742214,-73.94891
464,Vernon Blvd-Jackson Av (7),40.742626,-73.95358
47,"Newkirk Plaza (B,Q)",40.635082,-73.96279
471,34 St-Hudson Yards (7),40.755882,-74.00191
475,96 St (Q),40.784317,-73.94715
476,86 St (Q),40.77789,-73.95179
477,72 St (Q),40.7688,-73.95843
48,Avenue H (Q),40.62927,-73.96164
49,Avenue J (Q),40.62504,-73.9608
5,"36 Av (N,W)",40.756805,-73.92957
50,Avenue M (Q),40.61762,-73.9594
51,"Kings Hwy (B,Q)",40.60867,-73.95773
52,Avenue U (Q),40.5993,-73.95593
53,Neck Rd (Q),40.595245,-73.95516
54,"Sheepshead Bay (B,Q)",40.586895,-73.954155
55,"Brighton Beach (B,Q)",40.57762,-73.96137
56,Ocean Pkwy (Q),40.576313,-73.9685
57,"W 8 St-NY Aquarium (F,Q)",40.576126,-73.97594
58,"Coney Island-Stillwell Av (D,F,N,Q)",40.577423,-73.98123
59,9 Av (D),40.646294,-73.99432
6,"39 Av-Dutch Kills (N,W)",40.75288,-73.932755
60,Fort Hamilton Pkwy (D),40.640915,-73.9943
601,"14 St/6 Av (1,2,3,L,F,M)",40.737797,-73.997734
602,"14 St-Union Sq (4,5,6,L,N,Q,R,W)",40.735065,-73.99042
603,"149 St-Grand Concourse (2,4,5)",40.818394,-73.92703
604,"161 St-Yankee Stadium (4,B,D)",40.82795,-73.92574
605,"168 St-Washington Hts (1,A,C)",40.840637,-73.93985
606,"Court Sq-23 St (7,E,F,G)",40.747143,-73.94503
607,"34 St-Herald Sq (B,D,F,M,N,Q,R,W)",40.74964,-73.987885
608,"4 Av-9 St (F,G,R)",40.67056,-73.989044
609,"42 St-Bryant Pk/5 Av (7,B,D,F,M)",40.75402,-73.98327
61,50 St (D),40.63626,-73.99479
610,"Grand Central-42 St (4,5,6,7,S)",40.75199,-73.977356
611,"Times Sq-42 St/Port Authority Bus Terminal (1,2,3,7,A,C,E,N,Q,R,W,S)",40.755745,-73.98758
612,"Lexington Av/51-53 Sts (6,E,F)",40.757328,-73.97049
613,"Lexington Av/59 St (4,5,6,N,R,W)",40.762592,-73.96761
614,"59 St-Columbus Circle (1,A,C,B,D)",40.768272,-73.981834
615,"62 St/New Utrecht Av (D,N)",40.625656,-73.99663
616,"Jackson Hts-Roosevelt Av/74 St-Broadway (7,E,F,M,R)",40.746746,-73.891365
617,"Atlantic Av-Barclays Ctr (2,3,4,5,B,D,N,Q,R)",40.684162,-73.97779
618,"14 St/8 Av (A,C,E,L)",40.740334,-74.00214
619,"Broadway-Lafayette St/Bleecker St (6,B,D,F,M)",40.725605,-73.99543
62,55 St (D),40.631435,-73.995476
620,"Borough Hall/Court St (2,3,4,5,R)",40.69324,-73.99064
621,"Broadway Junction (A,C,J,Z,L)",40.678898,-73.90436
622,"Brooklyn Bridge-City Hall/Chambers St (4,5,6,J,Z)",40.713154,-74.00377
623,"Canal St (6,J,Z,N,Q,R,W)",40.7187,-74.00058
624,"Chambers St/WTC/Park Place/Cortlandt St (2,3,A,C,E,R,W)",40.712605,-74.00955
625,"Delancey St-Essex St (F,M,J,Z)",40.718464,-73.98778
626,"Franklin Av-Medgar Evers College/Botanic Garden (2,3,4,5,S)",40.670513,-73.95869
627,"Franklin Av (C,S)",40.68099,-73.95634
628,"Fulton St (2,3,4,5,A,C,J,Z)",40.71009,-74.007835
629,"Metropolitan Av/Lorimer St (G,L)",40.71343,-73.95084
630,"Myrtle-Wyckoff Avs (M,L)",40.699623,-73.91199
635,"Whitehall St-South Ferry (1,R,W)",40.702576,-74.01333
636,"Jay St-MetroTech (A,C,F,R)",40.69226,-73.98664
64,71 St (D),40.61959,-73.99886
65,79 St (D),40.613503,-74.00061
66,18 Av (D),40.607952,-74.00174
67,20 Av (D),40.604557,-73.99817
68,Bay Pkwy (D),40.601875,-73.99373
69,25 Av (D),40.597706,-73.98683
70,Bay 50 St (D),40.58884,-73.983765
71,8 Av (N),40.635063,-74.01172
72,Fort Hamilton Pkwy (N),40.631386,-74.00535
74,18 Av (N),40.62067,-73.99042
75,20 Av (N),40.61741,-73.98502
76,Bay Pkwy (N),40.611816,-73.98185
77,Kings Hwy (N),40.603924,-73.980354
78,Avenue U (N),40.597473,-73.97913
79,86 St (N),40.59272,-73.97823
8,"5 Av/59 St (N,R,W)",40.764812,-73.97335
80,"121 St (J,Z)",40.700493,-73.82829
81,111 St (J),40.69742,-73.83634
82,"104 St (J,Z)",40.69518,-73.84433
83,"Woodhaven Blvd (J,Z)",40.69388,-73.85158
84,85 St-Forest Pkwy (J),40.692436,-73.86001
85,"75 St-Elderts Ln (J,Z)",40.691322,-73.86714
86,Cypress Hills (J),40.68994,-73.87255
87,"Crescent St (J,Z)",40.683193,-73.87379
88,"Norwood Av (J,Z)",40.68141,-73.880035
89,Cleveland St (J),40.679947,-73.884636
9,"57 St-7 Av (N,Q,R,W)",40.764664,-73.98066
90,"Van Siclen Av (J,Z)",40.678024,-73.891685
91,"Alabama Av (J,Z)",40.67699,-73.89865
93,"Chauncey St (J,Z)",40.68289,-73.91045
94,Halsey St (J),40.68637,-73.91656
95,"Gates Av (J,Z)",40.68963,-73.92227
96,Kosciuszko St (J),40.69334,-73.92882
97,"Myrtle Av (M,J,Z)",40.69721,-73.93565
98,"Flushing Av (M,J)",40.70026,-73.941124
99,"Lorimer St (M,J)",40.70387,-73.94741
252,Avenue X (F),40.58962,-73.97425
253,Neptune Av (F),40.581013,-73.97457
