station_complex,total_ridership,complaints_per_100k_riders
"Astoria-Ditmars Blvd (N,W)",3607188,0.942562461396523
"Astoria Blvd (N,W)",2633116,1.17731235539946
"30 Av (N,W)",3377781,0.562499463405117
"Broadway (N,W)",3022927,0.198483125791658
"36 Av (N,W)",1629988,0.490801159272338
"39 Av-Dutch Kills (N,W)",972133,0.617199498422541
"5 Av/59 St (N,R,W)",3858005,0.362881852148973
"57 St-7 Av (N,Q,R,W)",8766661,0.433460356229128
"49 St (N,R,W)",7379658,1.68029466948197
"28 St (R,W)",3260307,0.276047623736047
"23 St (R,W)",4826147,0.22792509221124
"8 St-NYU (R,W)",4312874,0.231863949653989
"Prince St (R,W)",3620580,0.359058493390562
"City Hall (R,W)",1188321,2.10380865102948
"Rector St (R,W)",1263562,0.791413480304093
"DeKalb Av (B,Q,R)",5488736,1.43931134600024
Union St (R),2005206,1.14701432172056
Prospect Av (R),1431946,0.419010214072318
25 St (R),909874,2.63772786122034
"36 St (D,N,R)",3975706,6.61517727920525
45 St (R),2010463,1.14401508508239
53 St (R),2197126,2.91289621077717
"59 St (N,R)",3298257,4.85104708335342
Bay Ridge Av (R),1871345,0.641250010019531
77 St (R),1300844,0.999351190457887
86 St (R),2793068,0.895073088088081
Bay Ridge-95 St (R),1285248,3.6568817846828
"7 Av (B,Q)",2325650,1.11796701997291
"Prospect Park (B,Q,S)",2527533,1.70126364324422
Parkside Av (Q),1669088,0.898694376809371
"Church Av (B,Q)",2911284,0.515236576026248
Beverley Rd (Q),970160,0.927682031829801
Cortelyou Rd (Q),1474466,0.406926982378705
"Newkirk Plaza (B,Q)",2265313,0.0
Avenue H (Q),747986,1.0695387346822
Avenue J (Q),1259124,1.2707247260794
Avenue M (Q),1329442,0.601756225544251
"Kings Hwy (B,Q)",4502119,1.9102116136868
Avenue U (Q),1588316,2.26655149227232
Neck Rd (Q),1024132,0.488218315607754
"Sheepshead Bay (B,Q)",2823294,0.814651254881709
"Brighton Beach (B,Q)",2538650,1.57564059637997
Ocean Pkwy (Q),702655,1.42317353466495
"W 8 St-NY Aquarium (F,Q)",691376,2.60350373747425
"Coney Island-Stillwell Av (D,F,N,Q)",3744777,38.3734465363358
9 Av (D),1402773,1.06931057270136
Fort Hamilton Pkwy (D),1016213,1.37766393462788
50 St (D),779265,0.256652101659897
71 St (D),1164001,1.03092694937547
79 St (D),1500875,1.0660448071958
18 Av (D),1441753,0.762960090944843
20 Av (D),1200471,0.999607653995807
Bay Pkwy (D),1740562,1.09160144826786
25 Av (D),965374,1.1394547605384
Bay 50 St (D),658251,3.79794333772376
8 Av (N),2950438,0.576185637522293
Fort Hamilton Pkwy (N),1639303,0.427010747860524
18 Av (N),1252455,0.479059127872858
20 Av (N),1047252,0.66841600684458
Bay Pkwy (N),1642069,0.0
Kings Hwy (N),1383348,0.0
Avenue U (N),945655,0.0
86 St (N),579922,3.79361362390115
"121 St (J,Z)",539380,0.92699024806259
111 St (J),533027,4.12737065852199
"104 St (J,Z)",608281,0.0
"Woodhaven Blvd (J,Z)",1117845,0.984036248317074
85 St-Forest Pkwy (J),575523,0.868775009860596
"75 St-Elderts Ln (J,Z)",857266,0.816549355742558
"Crescent St (J,Z)",973572,2.87600711606332
"Norwood Av (J,Z)",581845,1.37493662401499
Cleveland St (J),514356,3.88835748003328
"Van Siclen Av (J,Z)",685515,2.3340116554707
"Chauncey St (J,Z)",692633,1.29938943134387
Halsey St (J),1462439,0.752168124619215
"Gates Av (J,Z)",1632692,0.612485392223395
Kosciuszko St (J),1423813,4.14380259205387
"Myrtle Av (M,J,Z)",2928810,6.21412792226194
"Flushing Av (M,J)",2018036,2.18033771449072
"Lorimer St (M,J)",1049344,1.42946450353745
"Hewes St (M,J)",681772,1.32008941405631
"Marcy Av (M,J,Z)",3007890,1.89501610763691
"Bowery (J,Z)",1014358,1.08442975754122
"Broad St (J,Z)",1436779,1.46160265427042
Middle Village-Metropolitan Av (M),910882,0.0
Fresh Pond Rd (M),1355171,0.36895712791965
Forest Av (M),1046664,0.191083289384177
Seneca Av (M),677235,0.442977696073003
Knickerbocker Av (M),1005247,0.696346271115457
Central Av (M),919034,0.435239610286453
3 Av (L),1894815,0.633307209410945
1 Av (L),7328789,0.654951315967754
Bedford Av (L),9837458,1.22999254482205
Graham Av (L),2475588,2.1812999578282
Grand St (L),1704787,1.40780050528306
Montrose Av (L),1832401,1.14603735754346
Morgan Av (L),2084852,8.53777630258647
Jefferson St (L),2613571,3.826182644359
DeKalb Av (L),3262348,4.23008213716011
Halsey St (L),2127993,1.12782325881711
Wilson Av (L),1161525,4.99343535438325
Bushwick Av-Aberdeen St (L),609216,3.28290786847358
Atlantic Av (L),598373,14.5394260770456
Sutter Av (L),644156,7.29636920249132
Livonia Av (L),661698,10.7299704699123
New Lots Av (L),794595,11.0748242815522
East 105 St (L),599598,3.66912498040354
Canarsie-Rockaway Pkwy (L),2265472,5.69417763715464
Inwood-207 St (A),1934421,0.930510990110219
Dyckman St (A),1482382,1.41663889604704
190 St (A),967851,1.03321688978985
181 St (A),2201097,0.772342154843698
175 St (A),2342853,1.62195408760174
163 St-Amsterdam Av (C),938155,1.49229071955061
155 St (C),580247,1.03404239918517
"145 St (A,C,B,D)",5267225,3.03765265391169
"135 St (C,B)",1230161,1.78838379691764
"125 St (A,C,B,D)",6317510,3.38741054624369
"116 St (C,B)",1540594,0.908740394938576
"Cathedral Pkwy (110 St) (C,B)",1872788,0.0
"103 St (C,B)",1117128,1.6112746256472
"96 St (C,B)",2285460,0.306284074103244
"86 St (C,B)",2703401,0.369904427792991
"81 St-Museum of Natural History (C,B)",3483547,0.143531865653026
"72 St (C,B)",2662049,0.225390291463455
"50 St (C,E)",5873155,1.03862404448716
"34 St-Penn Station (A,C,E)",20313028,1.27996672874177
"23 St (C,E)",5126601,0.838762369062855
"W 4 St-Wash Sq (A,C,E,B,D,F,M)",12050810,4.87104186357598
"Spring St (C,E)",3773130,0.477057509282744
"Canal St (A,C,E)",4371441,4.11763535182106
"High St (A,C)",2815371,1.24317541098491
"Hoyt-Schermerhorn Sts (A,C,G)",3087909,5.95872481993478
Lafayette Av (C),1391268,1.15003004453491
Clinton-Washington Avs (C),1893472,2.69346470399351
"Nostrand Av (A,C)",4317573,6.09138513697394
Kingston-Throop Avs (C),1645497,4.74020918907783
"Utica Av (A,C)",3565266,14.108344230136
Ralph Av (C),1243346,27.1042815113412
Rockaway Av (C),1271657,9.82969464250187
Liberty Av (C),556884,10.9538072560892
Van Siclen Av (C),678694,10.7559518722723
Shepherd Av (C),591056,1.01513223789286
"Euclid Av (A,C)",2214605,6.77321689420913
Grant Av (A),1176772,12.4068213723644
80 St (A),972310,1.43987000030854
88 St (A),627351,1.11580279620181
Rockaway Blvd (A),1652376,3.75217262899001
Ozone Park-Lefferts Blvd (A),1422675,2.67102465426046
Howard Beach-JFK Airport (A),1574643,7.81129436958091
Far Rockaway-Mott Av (A),771825,13.4745570563275
Norwood-205 St (D),1399874,2.35735501909458
"Bedford Park Blvd (B,D)",1399237,3.3589734976991
"Kingsbridge Rd (B,D)",1352678,15.6726138815003
"Fordham Rd (B,D)",1917244,12.2050192881031
"182-183 Sts (B,D)",975223,5.02449183417536
"Tremont Av (B,D)",1772652,16.246843712133
"174-175 Sts (B,D)",946565,4.12016079191603
"170 St (B,D)",1188955,9.16771450559525
"167 St (B,D)",1725114,2.78242481366449
"155 St (B,D)",606997,5.6013456409175
21 St-Queensbridge (M),2842053,8.23348473796935
Roosevelt Island (M),2278254,0.0
"Lexington Av/63 St (M,Q)",4604291,0.825317079220232
57 St (M),3815872,0.83860255270617
"47-50 Sts-Rockefeller Ctr (B,D,F,M)",13573514,0.898809254552653
"23 St (F,M)",6345819,0.362443366254222
"Grand St (B,D)",6022434,0.481532881887954
2 Av (F),4576643,5.30956860738318
East Broadway (F),3851059,1.66188053727559
York St (F),3870886,0.800850244620999
"Bergen St (F,G)",2970093,2.02013876333165
"Carroll St (F,G)",3019971,0.993387022590614
"Smith-9 Sts (F,G)",1065470,8.54083174561461
"7 Av (F,G)",3002728,0.96578844304246
"15 St-Prospect Park (F,G)",1477415,1.55677314769378
"Fort Hamilton Pkwy (F,G)",1434157,0.139454745889048
"Church Av (F,G)",2242850,1.87261742871793
Ditmas Av (F),860887,2.20702600922072
18 Av (F),799207,0.875868204357569
Avenue N (F),602009,0.498331420294381
Avenue P (F),568926,1.93346762144813
Kings Hwy (F),719316,0.0
Avenue X (F),566015,3.00345397206788
Jamaica-179 St (F),4130610,1.33152246278395
169 St (F),1796424,2.50497655341946
Parsons Blvd (F),1629126,1.28903473396165
Sutphin Blvd (F),1012821,5.62784539420095
"Briarwood (E,F)",1183052,12.2564350510375
"Kew Gardens-Union Tpke (E,F)",5249663,2.24776333261773
"75 Av (E,F)",784978,3.69437105243714
"Forest Hills-71 Av (E,F,M,R)",6374460,3.16889587510158
"67 Av (M,R)",1844578,0.596342361233843
"63 Dr-Rego Park (M,R)",3260241,0.306725791130165
"Woodhaven Blvd (M,R)",4523715,1.8126694541986
"Grand Av-Newtown (M,R)",4530426,0.772554280767416
"Elmhurst Av (M,R)",3255678,1.62792512035895
"65 St (M,R)",880716,1.36252776150314
"Northern Blvd (M,R)",1619175,0.988157549369278
"46 St (M,R)",1913238,0.418139301017437
"Steinway St (M,R)",2989217,0.635617956140354
"36 St (M,R)",872672,1.03131531663672
"Queens Plaza (E,F,R)",4201307,1.83276299494419
"5 Av/53 St (E,F)",4184660,0.430142472745695
"7 Av (E,B,D)",4533641,1.14698098062904
"Jamaica Center-Parsons/Archer (E,J,Z)",6887607,5.34292969967654
"Sutphin Blvd-Archer Av-JFK Airport (E,J,Z)",7308990,2.1617213869495
Jamaica-Van Wyck (E),1147962,1.04533076878851
21 St (G),501042,1.79625660124301
Greenpoint Av (G),2797244,0.250246313871797
Nassau Av (G),2646948,0.377793594736277
Broadway (G),1190632,0.587923052630872
Flushing Av (G),755338,0.926737434102349
Myrtle-Willoughby Avs (G),1268190,2.20787106033008
Bedford-Nostrand Avs (G),2242962,2.4521146590981
Classon Av (G),1341728,0.894369052445801
Clinton-Washington Avs (G),1430497,0.0
Fulton St (G),1616388,1.05172767924533
Van Cortlandt Park-242 St (1),1366529,1.24402775206381
238 St (1),1044910,0.478510110918644
231 St (1),1987401,0.30190183058175
Marble Hill-225 St (1),1086855,0.276025780807927
215 St (1),537628,0.744008868585714
207 St (1),1386775,0.648987759369761
Dyckman St (1),1673529,1.25483334916814
191 St (1),1747979,4.46229617175035
181 St (1),2488599,1.44659706123807
157 St (1),2418832,0.785503085786859
145 St (1),2189462,5.75483840322417
137 St-City College (1),2784481,1.65201342727783
125 St (1),2115278,1.51280351802458
116 St-Columbia University (1),3442218,0.319561399074666
Cathedral Pkwy (110 St) (1),3081466,1.16827510022827
103 St (1),3004312,1.06513571160385
"96 St (1,2,3)",8782911,1.68509051270131
86 St (1),4399806,0.795489619315033
79 St (1),3857948,0.362887213617187
"72 St (1,2,3)",10120680,1.67972903006517
66 St-Lincoln Center (1),5101904,0.509613665800062
50 St (1),6493184,0.739236713452137
"34 St-Penn Station (1,2,3)",18178673,1.40824360502001
28 St (1),3299055,0.757792761866656
23 St (1),3421316,0.321513709929162
18 St (1),1853563,0.431601191866691
Christopher St-Stonewall (1),3310269,1.5708693160586
Houston St (1),3589464,0.334311752395344
Canal St (1),1323617,0.302202223150655
Franklin St (1),1496414,0.60143783738992
"Chambers St (1,2,3)",4279510,0.794483480585394
WTC Cortlandt (1),4397574,0.250137916951483
Rector St (1),1864332,0.160915545085317
"Wall St (2,3)",4508756,0.199611600184175
"Clark St (2,3)",1724093,1.10202871886841
"Hoyt St (2,3)",1432683,6.91011200663371
"Nevins St (2,3,4,5)",2265574,4.50217031092341
"Bergen St (2,3)",1123901,0.800782275307167
"Grand Army Plaza (2,3)",1764569,3.2869216222205
"Eastern Pkwy-Brooklyn Museum (2,3)",1210140,1.98324160840894
Nostrand Av (3),823887,6.31154515121613
Kingston Av (3),1018374,2.35669803038962
"Crown Hts-Utica Av (3,4)",5423073,7.32057267161995
Sutter Av-Rutland Rd (3),1394352,6.02430376260801
Saratoga Av (3),1083193,2.21567163007885
Rockaway Av (3),1005286,2.78527702564245
Junius St (3),567312,20.4473023662464
Pennsylvania Av (3),809989,4.93833866879674
Van Siclen Av (3),511587,2.15017191601819
New Lots Av (3),1164227,12.2828280051914
"President St-Medgar Evers College (2,5)",814552,4.05130673057092
"Sterling St (2,5)",1315415,1.14032453636305
"Winthrop St (2,5)",1812965,2.15117225098113
"Church Av (2,5)",2202455,4.90361891616401
"Beverly Rd (2,5)",1074387,3.0715189219527
"Newkirk Av-Little Haiti (2,5)",1642976,4.56488713164404
"Flatbush Av-Brooklyn College (2,5)",4168249,5.3499682960399
Pelham Bay Park (6),1300580,2.38355195374371
Buhre Av (6),790634,0.379442320972789
Westchester Sq-E Tremont Av (6),993167,2.01376002223191
Zerega Av (6),511522,2.73693018091108
Castle Hill Av (6),1301355,1.76738860649093
Parkchester (6),2833154,1.72952123322629
St Lawrence Av (6),933820,2.57008845387762
Morrison Av-Soundview (6),1337443,6.05633286801755
Elder Av (6),1396879,7.58834516089081
Hunts Point Av (6),2244991,23.474481634893
Longwood Av (6),670681,2.08743053702133
E 149 St (6),1022986,12.707896295746
Cypress Av (6),610827,4.58394930152073
Brook Av (6),1099048,10.3726133890422
3 Av-138 St (6),1838586,6.41797555295211
Woodlawn (4),1426328,4.13649595324498
Mosholu Pkwy (4),1494071,1.60634936358446
Bedford Park Blvd-Lehman College (4),1117454,1.25284799195314
Kingsbridge Rd (4),1888209,3.49537577672811
Fordham Rd (4),2081755,3.12236550410591
183 St (4),1186429,6.4057773368655
Burnside Av (4),1972238,8.01120351600568
176 St (4),1217045,3.94397906404447
Mt Eden Av (4),1008384,2.8758885503935
170 St (4),1619300,7.96640523683073
167 St (4),1960444,2.346407242441
"138 St-Grand Concourse (4,5)",949116,8.11281234327522
"125 St (4,5,6)",5912433,5.29392891217541
116 St (6),3140396,2.96140996231049
110 St (6),2435904,1.19052310764299
103 St (6),2915446,1.16620235806117
96 St (6),4019153,0.398093827231758
"86 St (4,5,6)",11243383,0.987247343615351
77 St (6),6602128,0.272639367185853
68 St-Hunter College (6),5390300,0.57510713689405
33 St (6),6441492,0.931461220475008
28 St (6),4784204,2.73817755262944
23 St-Baruch College (6),6071164,0.461196567906912
Astor Pl (6),4099411,0.292724979271412
Spring St (6),3332127,0.150054304652854
"Wall St (4,5)",3834131,0.182570705069806
"Bowling Green (4,5)",5257924,0.589586308208335
Wakefield-241 St (2),925080,2.91866649370865
"Nereid Av (2,5)",579641,2.93284981566176
"233 St (2,5)",799487,2.37652394598036
"225 St (2,5)",640080,0.624921884764404
"219 St (2,5)",557826,3.58534740223654
"Gun Hill Rd (2,5)",1299292,15.6238936282221
"Burke Av (2,5)",538194,2.04387265558516
"Allerton Av (2,5)",891344,2.58037300974708
"Pelham Pkwy (2,5)",1579559,1.58272024026959
"Bronx Park East (2,5)",500988,8.98225107188196
"E 180 St (2,5)",1898185,15.6992074007539
"West Farms Sq-E Tremont Av (2,5)",1230087,3.49568770339009
"174 St (2,5)",1340333,13.2802818404083
"Freeman St (2,5)",940247,1.27626038689834
"Simpson St (2,5)",1693452,10.0977175615252
"Intervale Av (2,5)",676086,3.8456646047988
"Prospect Av (2,5)",1326847,6.33079774834627
"Jackson Av (2,5)",1107242,5.05761161516633
"3 Av-149 St (2,5)",4325663,23.9269679584378
Harlem-148 St (3),707158,2.82822226433131
145 St (3),690290,3.47679960596271
"135 St (2,3)",2693113,6.68371509104891
"125 St (2,3)",3368175,3.91903627335278
"116 St (2,3)",2284229,3.06449134478198
"110 St-Malcolm X Plaza (2,3)",1780784,6.45782980979164
Eastchester-Dyre Av (5),819385,2.19676952836579
Baychester Av (5),556618,4.67106705137096
Gun Hill Rd (5),862445,3.01468499440544
Pelham Pkwy (5),617163,0.648126994003205
Morris Park (5),558511,0.716190012372182
Flushing-Main St (7),15013551,1.63851976124769
Mets-Willets Point (7),2510841,1.35412795951635
111 St (7),3446653,0.609286748622504
103 St-Corona Plaza (7),5569246,1.09530087196723
Junction Blvd (7),6731267,0.891362651340379
90 St-Elmhurst Av (7),4727429,0.528828671990632
82 St-Jackson Hts (7),3668197,0.981408577565491
69 St (7),1152977,1.04078398788527
61 St-Woodside (7),4171140,0.431536702196522
52 St (7),1253939,0.558240871366151
46 St-Bliss St (7),3459850,0.635865716721823
40 St-Lowery St (7),2474487,0.565773835142395
33 St-Rawson St (7),2239434,1.11635350718083
"Queensboro Plaza (7,N,W)",3562776,2.97520809615873
Hunters Point Av (7),1076371,1.67228585682818
Vernon Blvd-Jackson Av (7),4308253,0.533859083948877
34 St-Hudson Yards (7),6752824,1.34758435878086
96 St (Q),4511586,1.35207441462936
86 St (Q),6417933,0.202557427757504
72 St (Q),7613829,0.157607952582071
"14 St/6 Av (1,2,3,L,F,M)",11513643,2.12791034080178
"14 St-Union Sq (4,5,6,L,N,Q,R,W)",24527632,2.25867707082363
"149 St-Grand Concourse (2,4,5)",2598419,10.006084469056
"161 St-Yankee Stadium (4,B,D)",6321816,6.37475054636199
"168 St-Washington Hts (1,A,C)",5446182,2.66241561519611
"Court Sq-23 St (7,E,F,G)",6443127,1.22611272445817
"34 St-Herald Sq (B,D,F,M,N,Q,R,W)",26485099,1.18557230992416
"4 Av-9 St (F,G,R)",3162440,2.49807110964951
"42 St-Bryant Pk/5 Av (7,B,D,F,M)",13110877,1.63223253486399
"Grand Central-42 St (4,5,6,7,S)",36363366,0.797505929456585
"Times Sq-42 St/Port Authority Bus Terminal (1,2,3,7,A,C,E,N,Q,R,W,S)",48509290,2.97468794121703
"Lexington Av/51-53 Sts (6,E,F)",13387140,0.537829588694822
"Lexington Av/59 St (4,5,6,N,R,W)",12118544,0.924203435660258
"59 St-Columbus Circle (1,A,C,B,D)",17436927,4.02593874482585
"62 St/New Utrecht Av (D,N)",1217534,2.13546397882934
"Jackson Hts-Roosevelt Av/74 St-Broadway (7,E,F,M,R)",14902370,4.71066011647812
"Atlantic Av-Barclays Ctr (2,3,4,5,B,D,N,Q,R)",11175595,6.14732369954351
"14 St/8 Av (A,C,E,L)",12162937,1.57034439954758
"Broadway-Lafayette St/Bleecker St (6,B,D,F,M)",10811510,1.26716804590663
"Borough Hall/Court St (2,3,4,5,R)",6545994,1.25267453651806
"Broadway Junction (A,C,J,Z,L)",2004839,36.4617807215442
"Brooklyn Bridge-City Hall/Chambers St (4,5,6,J,Z)",6307260,2.45748550083555
"Canal St (6,J,Z,N,Q,R,W)",12159113,1.1020540725298
"Chambers St/WTC/Park Place/Cortlandt St (2,3,A,C,E,R,W)",14129427,0.9059107634018
"Delancey St-Essex St (F,M,J,Z)",7842991,2.40979493665108
"Franklin Av-Medgar Evers College/Botanic Garden (2,3,4,5,S)",3742553,19.7191596217876
"Franklin Av (C,S)",1363484,11.5879614282236
"Fulton St (2,3,4,5,A,C,J,Z)",20647942,1.82584782541524
"Metropolitan Av/Lorimer St (G,L)",4743936,1.68636339107442
"Myrtle-Wyckoff Avs (M,L)",5669652,6.13794285786853
"Whitehall St-South Ferry (1,R,W)",6987249,0.844395269153854
"Jay St-MetroTech (A,C,F,R)",8556570,3.61126011941701
