station_complex_id,station_complex,GEOID,median_household_income,income_topcoded
1,"Astoria-Ditmars Blvd (N,W)",36081011500,113370.0,False
10,"49 St (N,R,W)",36061012500,171250.0,False
100,"Hewes St (M,J)",36047052900,39549.0,False
101,"Marcy Av (M,J,Z)",36047052900,39549.0,False
103,"Bowery (J,Z)",36061001800,76726.0,False
107,"Broad St (J,Z)",36061000700,190388.0,False
108,Middle Village-Metropolitan Av (M),36081061301,93669.0,False
109,Fresh Pond Rd (M),36081061301,93669.0,False
110,Forest Av (M),36081058900,60224.0,False
111,Seneca Av (M),36081054900,104821.0,False
113,Knickerbocker Av (M),36047043100,90745.0,False
114,Central Av (M),36047042300,123750.0,False
118,3 Av (L),36061004800,161973.0,False
119,1 Av (L),36061003400,121413.0,False
120,Bedford Av (L),36047055300,144083.0,False
122,Graham Av (L),36047049700,144872.0,False
123,Grand St (L),36047049500,141250.0,False
124,Montrose Av (L),36047049302,82423.0,False
125,Morgan Av (L),36047045300,70598.0,False
126,Jefferson St (L),36047044700,89511.0,False
127,DeKalb Av (L),36047044300,94517.0,False
129,Halsey St (L),36081055500,86667.0,False
13,"28 St (R,W)",36061007600,193644.0,False
130,Wilson Av (L),36047040900,78220.0,False
131,Bushwick Av-Aberdeen St (L),36047040500,69437.0,False
133,Atlantic Av (L),36047114400,82422.0,False
134,Sutter Av (L),36047090800,44875.0,False
135,Livonia Av (L),36047091000,22321.0,False
136,New Lots Av (L),36047092000,44978.0,False
137,East 105 St (L),36047109800,71635.0,False
138,Canarsie-Rockaway Pkwy (L),36047097400,88688.0,False
14,"23 St (R,W)",36061005600,183068.0,False
141,Park Pl (S),36047030500,122353.0,False
143,Inwood-207 St (A),36061030300,94208.0,False
144,Dyckman St (A),36061028700,89476.0,False
145,190 St (A),36061028100,143194.0,False
146,181 St (A),36061027300,122654.0,False
147,175 St (A),36061026300,67024.0,False
149,163 St-Amsterdam Av (C),36061024301,74226.0,False
150,155 St (C),36061023501,71893.0,False
151,"145 St (A,C,B,D)",36061023100,69949.0,False
152,"135 St (C,B)",36061021703,,False
153,"125 St (A,C,B,D)",36061020901,25357.0,False
154,"116 St (C,B)",36061021800,47193.0,False
155,"Cathedral Pkwy (110 St) (C,B)",36061019702,111250.0,False
156,"103 St (C,B)",36061018900,44263.0,False
157,"96 St (C,B)",36061014300,,False
158,"86 St (C,B)",36061017300,162625.0,False
159,"81 St-Museum of Natural History (C,B)",36061014300,,False
16,"8 St-NYU (R,W)",36061005700,201116.0,False
160,"72 St (C,B)",36061014300,,False
162,"50 St (C,E)",36061013300,156829.0,False
164,"34 St-Penn Station (A,C,E)",36061010900,163542.0,False
165,"23 St (C,E)",36061009100,160866.0,False
167,"W 4 St-Wash Sq (A,C,E,B,D,F,M)",36061007100,150449.0,False
168,"Spring St (C,E)",36061003700,250000.0,True
169,"Canal St (A,C,E)",36061003300,250000.0,True
17,"Prince St (R,W)",36061004300,122730.0,False
173,"High St (A,C)",36047001300,139866.0,False
175,"Hoyt-Schermerhorn Sts (A,C,G)",36047004100,229002.0,False
176,Lafayette Av (C),36047018100,175294.0,False
177,Clinton-Washington Avs (C),36047019900,130688.0,False
179,"Nostrand Av (A,C)",36047024500,103194.0,False
180,Kingston-Throop Avs (C),36047026900,96006.0,False
181,"Utica Av (A,C)",36047029700,70536.0,False
182,Ralph Av (C),36047030100,98438.0,False
183,Rockaway Av (C),36047030100,98438.0,False
185,Liberty Av (C),36047119800,60289.0,False
186,Van Siclen Av (C),36047115200,58542.0,False
187,Shepherd Av (C),36047116600,42158.0,False
188,"Euclid Av (A,C)",36047119600,56513.0,False
189,Grant Av (A),36047120200,100559.0,False
190,80 St (A),36081004401,61920.0,False
191,88 St (A),36081005400,78633.0,False
192,Rockaway Blvd (A),36081008600,89667.0,False
193,104 St (A),36081009400,73636.0,False
194,111 St (A),36081009600,124423.0,False
195,Ozone Park-Lefferts Blvd (A),36081010600,121250.0,False
196,Aqueduct Racetrack (A),36081086400,128398.0,False
197,Aqueduct-N Conduit Av (A),36081008800,127313.0,False
198,Howard Beach-JFK Airport (A),36081088400,96806.0,False
199,"Broad Channel (A,S)",36081107201,111354.0,False
2,"Astoria Blvd (N,W)",36081012500,93309.0,False
20,"City Hall (R,W)",36061003100,189250.0,False
200,"Beach 90 St (A,S)",36081094202,56800.0,False
201,"Beach 98 St (A,S)",36081094201,75966.0,False
202,"Beach 105 St (A,S)",36081093800,81573.0,False
203,"Rockaway Park-Beach 116 St (A,S)",36081093800,81573.0,False
204,Beach 67 St (A),36081095400,82053.0,False
205,Beach 60 St (A),36081097202,22500.0,False
206,Beach 44 St (A),36081097202,22500.0,False
207,Beach 36 St (A),36081099200,36736.0,False
208,Beach 25 St (A),36081099801,70278.0,False
209,Far Rockaway-Mott Av (A),36081100803,46534.0,False
210,Norwood-205 St (D),36005042300,71422.0,False
211,"Bedford Park Blvd (B,D)",36005041300,60254.0,False
212,"Kingsbridge Rd (B,D)",36005040302,37756.0,False
213,"Fordham Rd (B,D)",36005023702,34922.0,False
214,"182-183 Sts (B,D)",36005038301,44040.0,False
215,"Tremont Av (B,D)",36005023501,19940.0,False
216,"174-175 Sts (B,D)",36005022901,52222.0,False
217,"170 St (B,D)",36005022500,50243.0,False
218,"167 St (B,D)",36005019700,25439.0,False
22,"Rector St (R,W)",36061001300,171923.0,False
220,"155 St (B,D)",36061024302,23574.0,False
221,21 St-Queensbridge (M),36081002500,26044.0,False
222,Roosevelt Island (M),36061023804,183536.0,False
223,"Lexington Av/63 St (M,Q)",36061012000,192644.0,False
224,57 St (M),36061013700,167929.0,False
225,"47-50 Sts-Rockefeller Ctr (B,D,F,M)",36061012500,171250.0,False
228,"23 St (F,M)",36061005800,206827.0,False
231,"Grand St (B,D)",36061001800,76726.0,False
232,2 Av (F),36061003602,155000.0,False
234,East Broadway (F),36061000600,36893.0,False
235,York St (F),36047002100,250000.0,True
236,"Bergen St (F,G)",36047006901,149936.0,False
237,"Carroll St (F,G)",36047007700,212827.0,False
238,"Smith-9 Sts (F,G)",36047011902,,False
240,"7 Av (F,G)",36047015100,188866.0,False
241,"15 St-Prospect Park (F,G)",36047016900,140727.0,False
242,"Fort Hamilton Pkwy (F,G)",36047050401,156033.0,False
243,"Church Av (F,G)",36047049600,66920.0,False
244,Ditmas Av (F),36047048600,65714.0,False
245,18 Av (F),36047048000,52940.0,False
246,Avenue I (F),36047046202,85536.0,False
247,Bay Pkwy (F),36047045000,90893.0,False
248,Avenue N (F),36047044600,69099.0,False
249,Avenue P (F),36047043800,70066.0,False
250,Kings Hwy (F),36047041401,71944.0,False
251,Avenue U (F),36047039800,89750.0,False
254,Jamaica-179 St (F),36081046800,83388.0,False
255,169 St (F),36081046000,57184.0,False
256,Parsons Blvd (F),36081023600,81557.0,False
257,Sutphin Blvd (F),36081023800,59938.0,False
258,"Briarwood (E,F)",36081021603,,False
259,"Kew Gardens-Union Tpke (E,F)",36081038302,,False
26,"DeKalb Av (B,Q,R)",36047001502,138179.0,False
260,"75 Av (E,F)",36081076901,111389.0,False
261,"Forest Hills-71 Av (E,F,M,R)",36081073900,116815.0,False
262,"67 Av (M,R)",36081071306,88329.0,False
263,"63 Dr-Rego Park (M,R)",36081069300,57099.0,False
264,"Woodhaven Blvd (M,R)",36081068300,85771.0,False
265,"Grand Av-Newtown (M,R)",36081047300,72441.0,False
266,"Elmhurst Av (M,R)",36081027101,54568.0,False
268,"65 St (M,R)",36081029300,70556.0,False
269,"Northern Blvd (M,R)",36081025500,92260.0,False
270,"46 St (M,R)",36081015300,88636.0,False
271,"Steinway St (M,R)",36081015500,94375.0,False
272,"36 St (M,R)",36081017102,184083.0,False
273,"Queens Plaza (E,F,R)",36081003301,152056.0,False
276,"5 Av/53 St (E,F)",36061010200,,False
277,"7 Av (E,B,D)",36061013100,136346.0,False
278,"Jamaica Center-Parsons/Archer (E,J,Z)",36081024600,,False
279,"Sutphin Blvd-Archer Av-JFK Airport (E,J,Z)",36081020800,60486.0,False
28,Union St (R),36047013300,201298.0,False
280,Jamaica-Van Wyck (E),36081021602,73446.0,False
282,21 St (G),36081000701,136875.0,False
283,Greenpoint Av (G),36047057500,128804.0,False
284,Nassau Av (G),36047056900,159286.0,False
286,Broadway (G),36047051100,88457.0,False
287,Flushing Av (G),36047050700,59158.0,False
288,Myrtle-Willoughby Avs (G),36047025901,90000.0,False
289,Bedford-Nostrand Avs (G),36047024100,141717.0,False
290,Classon Av (G),36047023100,160199.0,False
291,Clinton-Washington Avs (G),36047019700,121235.0,False
292,Fulton St (G),36047003300,136217.0,False
293,Van Cortlandt Park-242 St (1),36005028500,70659.0,False
294,238 St (1),36005028300,13796.0,False
295,231 St (1),36005028300,13796.0,False
296,Marble Hill-225 St (1),36061030900,40438.0,False
297,215 St (1),36061030300,94208.0,False
298,207 St (1),36061029900,34731.0,False
299,Dyckman St (1),36061028300,64803.0,False
3,"30 Av (N,W)",36081006300,137746.0,False
30,Prospect Av (R),36047014300,119594.0,False
300,191 St (1),36061027700,58086.0,False
301,181 St (1),36061026900,52389.0,False
303,157 St (1),36061024100,59500.0,False
304,145 St (1),36061022900,60346.0,False
305,137 St-City College (1),36061022301,50668.0,False
306,125 St (1),36061021100,65753.0,False
307,116 St-Columbia University (1),36061020500,196576.0,False
308,Cathedral Pkwy (110 St) (1),36061019500,122103.0,False
309,103 St (1),36061019100,142500.0,False
31,25 St (R),36047010100,136705.0,False
310,"96 St (1,2,3)",36061018300,149367.0,False
311,86 St (1),36061017500,154118.0,False
312,79 St (1),36061016700,250000.0,True
313,"72 St (1,2,3)",36061015900,156830.0,False
314,66 St-Lincoln Center (1),36061014900,184896.0,False
316,50 St (1),36061013100,136346.0,False
318,"34 St-Penn Station (1,2,3)",36061010100,108304.0,False
319,28 St (1),36061009500,222321.0,False
32,"36 St (D,N,R)",36047008400,116100.0,False
320,23 St (1),36061009100,160866.0,False
321,18 St (1),36061008100,134538.0,False
323,Christopher St-Stonewall (1),36061007300,175590.0,False
324,Houston St (1),36061003700,250000.0,True
325,Canal St (1),36061003700,250000.0,True
326,Franklin St (1),36061003300,250000.0,True
327,"Chambers St (1,2,3)",36061002100,250000.0,True
328,WTC Cortlandt (1),36061001300,171923.0,False
329,Rector St (1),36061001300,171923.0,False
33,45 St (R),36047008000,71250.0,False
333,"Wall St (2,3)",36061000700,190388.0,False
334,"Clark St (2,3)",36047000501,141364.0,False
336,"Hoyt St (2,3)",36047001502,138179.0,False
337,"Nevins St (2,3,4,5)",36047003700,181404.0,False
339,"Bergen St (2,3)",36047012902,183510.0,False
34,53 St (R),36047007600,73681.0,False
340,"Grand Army Plaza (2,3)",36047015900,201858.0,False
341,"Eastern Pkwy-Brooklyn Museum (2,3)",36047017700,,False
343,Nostrand Av (3),36047031900,90357.0,False
344,Kingston Av (3),36047033702,87165.0,False
345,"Crown Hts-Utica Av (3,4)",36047035102,70030.0,False
346,Sutter Av-Rutland Rd (3),36047090000,20500.0,False
347,Saratoga Av (3),36047089400,63125.0,False
348,Rockaway Av (3),36047091600,44825.0,False
349,Junius St (3),36047091000,22321.0,False
35,"59 St (N,R)",36047007400,73454.0,False
350,Pennsylvania Av (3),36047112600,52039.0,False
351,Van Siclen Av (3),36047112400,65472.0,False
352,New Lots Av (3),36047112400,65472.0,False
353,"President St-Medgar Evers College (2,5)",36047031900,90357.0,False
354,"Sterling St (2,5)",36047032900,92193.0,False
355,"Winthrop St (2,5)",36047080400,58413.0,False
356,"Church Av (2,5)",36047082000,56250.0,False
357,"Beverly Rd (2,5)",36047082600,72543.0,False
358,"Newkirk Av-Little Haiti (2,5)",36047083000,83690.0,False
359,"Flatbush Av-Brooklyn College (2,5)",36047078601,87614.0,False
36,Bay Ridge Av (R),36047006800,80938.0,False
360,Pelham Bay Park (6),36005030000,78155.0,False
361,Buhre Av (6),36005026601,51042.0,False
362,Middletown Rd (6),36005026602,53969.0,False
363,Westchester Sq-E Tremont Av (6),36005020000,46622.0,False
364,Zerega Av (6),36005009600,47212.0,False
365,Castle Hill Av (6),36005020601,86701.0,False
366,Parkchester (6),36005007200,58244.0,False
367,St Lawrence Av (6),36005007000,40417.0,False
368,Morrison Av-Soundview (6),36005004800,35870.0,False
369,Elder Av (6),36005005400,54884.0,False
37,77 St (R),36047013600,88182.0,False
370,Whitlock Av (6),36005012300,36435.0,False
371,Hunts Point Av (6),36005011900,44122.0,False
372,Longwood Av (6),36005008500,41535.0,False
373,E 149 St (6),36005008300,48634.0,False
374,E 143 St-St Mary's St (6),36005003100,59297.0,False
375,Cypress Av (6),36005002702,30895.0,False
376,Brook Av (6),36005003900,25625.0,False
377,3 Av-138 St (6),36005002300,16332.0,False
378,Woodlawn (4),36005043101,40089.0,False
379,Mosholu Pkwy (4),36005042100,52824.0,False
38,86 St (R),36047006000,88542.0,False
380,Bedford Park Blvd-Lehman College (4),36005040900,67793.0,False
381,Kingsbridge Rd (4),36005040304,36913.0,False
382,Fordham Rd (4),36005040100,28649.0,False
383,183 St (4),36005023900,37543.0,False
384,Burnside Av (4),36005024300,30446.0,False
385,176 St (4),36005021700,36195.0,False
386,Mt Eden Av (4),36005022702,34145.0,False
387,170 St (4),36005022101,52176.0,False
388,167 St (4),36005019700,25439.0,False
39,Bay Ridge-95 St (R),36047005400,85342.0,False
391,"138 St-Grand Concourse (4,5)",36005005100,25851.0,False
392,"125 St (4,5,6)",36061019600,28069.0,False
393,116 St (6),36061018200,38942.0,False
394,110 St (6),36061017200,34024.0,False
395,103 St (6),36061016600,50231.0,False
396,96 St (6),36061015801,177750.0,False
397,"86 St (4,5,6)",36061014801,202670.0,False
398,77 St (6),36061012800,220256.0,False
399,68 St-Hunter College (6),36061012000,192644.0,False
4,"Broadway (N,W)",36081005900,76813.0,False
403,33 St (6),36061007400,215511.0,False
404,28 St (6),36061006800,128919.0,False
405,23 St-Baruch College (6),36061006800,128919.0,False
407,Astor Pl (6),36061005700,201116.0,False
409,Spring St (6),36061004500,170714.0,False
41,"7 Av (B,Q)",36047016100,172234.0,False
413,"Wall St (4,5)",36061000700,190388.0,False
414,"Bowling Green (4,5)",36061001300,171923.0,False
416,Wakefield-241 St (2),36005043400,76036.0,False
417,"Nereid Av (2,5)",36005041800,62567.0,False
418,"233 St (2,5)",36005042200,75201.0,False
419,"225 St (2,5)",36005040800,41555.0,False
42,"Prospect Park (B,Q,S)",36047032700,82554.0,False
420,"219 St (2,5)",36005039200,67917.0,False
421,"Gun Hill Rd (2,5)",36005037800,65964.0,False
422,"Burke Av (2,5)",36005033602,70475.0,False
423,"Allerton Av (2,5)",36005033801,72725.0,False
424,"Pelham Pkwy (2,5)",36005022403,72143.0,False
425,"Bronx Park East (2,5)",36005022000,23910.0,False
426,"E 180 St (2,5)",36005022000,23910.0,False
427,"West Farms Sq-E Tremont Av (2,5)",36005036100,29250.0,False
428,"174 St (2,5)",36005016100,23210.0,False
429,"Freeman St (2,5)",36005012500,55772.0,False
43,Parkside Av (Q),36047079802,100438.0,False
430,"Simpson St (2,5)",36005015900,25686.0,False
431,"Intervale Av (2,5)",36005008700,40188.0,False
432,"Prospect Av (2,5)",36005007900,43081.0,False
433,"Jackson Av (2,5)",36005007500,34259.0,False
434,"3 Av-149 St (2,5)",36005006500,22740.0,False
436,Harlem-148 St (3),36061023600,43679.0,False
437,145 St (3),36061023200,27967.0,False
438,"135 St (2,3)",36061022800,63413.0,False
439,"125 St (2,3)",36061022200,84071.0,False
44,"Church Av (B,Q)",36047050600,69276.0,False
440,"116 St (2,3)",36061019000,121438.0,False
441,"110 St-Malcolm X Plaza (2,3)",36061018600,50862.0,False
442,Eastchester-Dyre Av (5),36005048401,88862.0,False
443,Baychester Av (5),36005046208,87061.0,False
444,Gun Hill Rd (5),36005035000,72778.0,False
445,Pelham Pkwy (5),36005032600,89323.0,False
446,Morris Park (5),36005024800,61210.0,False
447,Flushing-Main St (7),36081087100,52250.0,False
448,Mets-Willets Point (7),36081038302,,False
449,111 St (7),36081040102,75660.0,False
45,Beverley Rd (Q),36047152200,215602.0,False
450,103 St-Corona Plaza (7),36081040501,102682.0,False
451,Junction Blvd (7),36081046500,94125.0,False
452,90 St-Elmhurst Av (7),36081027701,67602.0,False
453,82 St-Jackson Hts (7),36081028300,79340.0,False
455,69 St (7),36081026300,87232.0,False
456,61 St-Woodside (7),36081026100,79419.0,False
457,52 St (7),36081025302,66393.0,False
458,46 St-Bliss St (7),36081025301,70664.0,False
459,40 St-Lowery St (7),36081018101,78864.0,False
46,Cortelyou Rd (Q),36047052000,126102.0,False
460,33 St-Rawson St (7),36081017902,,False
461,"Queensboro Plaza (7,N,W)",36081001902,171458.0,False
463,Hunters Point Av (7),36081000104,,False
464,Vernon Blvd-Jackson Av (7),36081000701,136875.0,False
47,"Newkirk Plaza (B,Q)",36047052000,126102.0,False
471,34 St-Hudson Yards (7),36061009903,187596.0,False
475,96 St (Q),36061015602,75147.0,False
476,86 St (Q),36061014601,139000.0,False
477,72 St (Q),36061012602,232600.0,False
48,Avenue H (Q),36047053200,72500.0,False
49,Avenue J (Q),36047053200,72500.0,False
5,"36 Av (N,W)",36081005300,113816.0,False
50,Avenue M (Q),36047076800,73125.0,False
51,"Kings Hwy (B,Q)",36047055200,69861.0,False
52,Avenue U (Q),36047058000,38945.0,False
53,Neck Rd (Q),36047058600,70167.0,False
54,"Sheepshead Bay (B,Q)",36047060600,76080.0,False
55,"Brighton Beach (B,Q)",36047036002,30176.0,False
56,Ocean Pkwy (Q),36047036200,52023.0,False
57,"W 8 St-NY Aquarium (F,Q)",36047035400,63382.0,False
58,"Coney Island-Stillwell Av (D,F,N,Q)",36047035000,56891.0,False
59,9 Av (D),36047011000,86932.0,False
6,"39 Av-Dutch Kills (N,W)",36081003100,121908.0,False
60,Fort Hamilton Pkwy (D),36047011200,60348.0,False
601,"14 St/6 Av (1,2,3,L,F,M)",36061008100,134538.0,False
602,"14 St-Union Sq (4,5,6,L,N,Q,R,W)",36061005200,238750.0,False
603,"149 St-Grand Concourse (2,4,5)",36005005100,25851.0,False
604,"161 St-Yankee Stadium (4,B,D)",36005019500,45661.0,False
605,"168 St-Washington Hts (1,A,C)",36061025100,37839.0,False
606,"Court Sq-23 St (7,E,F,G)",36081001901,232109.0,False
607,"34 St-Herald Sq (B,D,F,M,N,Q,R,W)",36061010100,108304.0,False
608,"4 Av-9 St (F,G,R)",36047012100,130357.0,False
609,"42 St-Bryant Pk/5 Av (7,B,D,F,M)",36061008400,231546.0,False
61,50 St (D),36047022000,59395.0,False
610,"Grand Central-42 St (4,5,6,7,S)",36061009200,166638.0,False
611,"Times Sq-42 St/Port Authority Bus Terminal (1,2,3,7,A,C,E,N,Q,R,W,S)",36061011300,93750.0,False
612,"Lexington Av/51-53 Sts (6,E,F)",36061010000,99875.0,False
613,"Lexington Av/59 St (4,5,6,N,R,W)",36061011402,206818.0,False
614,"59 St-Columbus Circle (1,A,C,B,D)",36061014500,186389.0,False
615,"62 St/New Utrecht Av (D,N)",36047025000,51250.0,False
616,"Jackson Hts-Roosevelt Av/74 St-Broadway (7,E,F,M,R)",36081026700,58274.0,False
617,"Atlantic Av-Barclays Ctr (2,3,4,5,B,D,N,Q,R)",36047012901,250000.0,True
618,"14 St/8 Av (A,C,E,L)",36061008300,75000.0,False
619,"Broadway-Lafayette St/Bleecker St (6,B,D,F,M)",36061005502,179844.0,False
62,55 St (D),36047024000,37833.0,False
620,"Borough Hall/Court St (2,3,4,5,R)",36047001100,203958.0,False
621,"Broadway Junction (A,C,J,Z,L)",36047036700,70426.0,False
622,"Brooklyn Bridge-City Hall/Chambers St (4,5,6,J,Z)",36061002901,11094.0,False
623,"Canal St (6,J,Z,N,Q,R,W)",36061004500,170714.0,False
624,"Chambers St/WTC/Park Place/Cortlandt St (2,3,A,C,E,R,W)",36061002100,250000.0,True
625,"Delancey St-Essex St (F,M,J,Z)",36061001800,76726.0,False
626,"Franklin Av-Medgar Evers College/Botanic Garden (2,3,4,5,S)",36047021300,82426.0,False
627,"Franklin Av (C,S)",36047022700,119148.0,False
628,"Fulton St (2,3,4,5,A,C,J,Z)",36061001502,204310.0,False
629,"Metropolitan Av/Lorimer St (G,L)",36047051300,136207.0,False
630,"Myrtle-Wyckoff Avs (M,L)",36047043900,114318.0,False
635,"Whitehall St-South Ferry (1,R,W)",36061000900,250000.0,True
636,"Jay St-MetroTech (A,C,F,R)",36047001100,203958.0,False
64,71 St (D),36047019000,48824.0,False
65,79 St (D),36047018200,78750.0,False
66,18 Av (D),36047027800,68792.0,False
67,20 Av (D),36047028800,77042.0,False
68,Bay Pkwy (D),36047029600,66349.0,False
69,25 Av (D),36047029800,61059.0,False
70,Bay 50 St (D),36047030600,65985.0,False
71,8 Av (N),36047011800,62273.0,False
72,Fort Hamilton Pkwy (N),36047021400,78214.0,False
74,18 Av (N),36047024800,79340.0,False
75,20 Av (N),36047025400,89021.0,False
76,Bay Pkwy (N),36047043200,79667.0,False
77,Kings Hwy (N),36047042600,71840.0,False
78,Avenue U (N),36047040000,58941.0,False
79,86 St (N),36047038600,91857.0,False
8,"5 Av/59 St (N,R,W)",36061014300,,False
80,"121 St (J,Z)",36081014400,80101.0,False
81,111 St (J),36081012400,71435.0,False
82,"104 St (J,Z)",36081002600,135267.0,False
83,"Woodhaven Blvd (J,Z)",36081002200,71667.0,False
84,85 St-Forest Pkwy (J),36081001200,86524.0,False
85,"75 St-Elderts Ln (J,Z)",36081000400,74107.0,False
86,Cypress Hills (J),36047118201,82976.0,False
87,"Crescent St (J,Z)",36047117800,59034.0,False
88,"Norwood Av (J,Z)",36047117400,46583.0,False
89,Cleveland St (J),36047116800,86563.0,False
9,"57 St-7 Av (N,Q,R,W)",36061013700,167929.0,False
90,"Van Siclen Av (J,Z)",36047119800,60289.0,False
91,"Alabama Av (J,Z)",36047119800,60289.0,False
93,"Chauncey St (J,Z)",36047036900,48583.0,False
94,Halsey St (J),36047039700,74291.0,False
95,"Gates Av (J,Z)",36047039700,74291.0,False
96,Kosciuszko St (J),36047028900,50152.0,False
97,"Myrtle Av (M,J,Z)",36047028700,106462.0,False
98,"Flushing Av (M,J)",36047028501,57969.0,False
99,"Lorimer St (M,J)",36047049100,46137.0,False
252,Avenue X (F),36047030800,50865.0,False
253,Neptune Av (F),36047035400,63382.0,False
