station_complex_id,station_complex,total_complaints,total_ridership,median_household_income,complaints_per_100k_riders,income_group
1,"Astoria-Ditmars Blvd (N,W)",34,3607188,113370.0,0.942562461396523,$100k-$150k
2,"Astoria Blvd (N,W)",31,2633116,93309.0,1.17731235539946,$75k-$100k
3,"30 Av (N,W)",19,3377781,137746.0,0.562499463405117,$100k-$150k
4,"Broadway (N,W)",6,3022927,76813.0,0.198483125791658,$75k-$100k
5,"36 Av (N,W)",8,1629988,113816.0,0.490801159272338,$100k-$150k
6,"39 Av-Dutch Kills (N,W)",6,972133,121908.0,0.617199498422541,$100k-$150k
8,"5 Av/59 St (N,R,W)",14,3858005,,0.362881852148973,Missing
9,"57 St-7 Av (N,Q,R,W)",38,8766661,167929.0,0.433460356229128,$150k+
10,"49 St (N,R,W)",124,7379658,171250.0,1.68029466948197,$150k+
13,"28 St (R,W)",9,3260307,193644.0,0.276047623736047,$150k+
14,"23 St (R,W)",11,4826147,183068.0,0.22792509221124,$150k+
16,"8 St-NYU (R,W)",10,4312874,201116.0,0.231863949653989,$150k+
17,"Prince St (R,W)",13,3620580,122730.0,0.359058493390562,$100k-$150k
20,"City Hall (R,W)",25,1188321,189250.0,2.10380865102948,$150k+
22,"Rector St (R,W)",10,1263562,171923.0,0.791413480304093,$150k+
26,"DeKalb Av (B,Q,R)",79,5488736,138179.0,1.43931134600024,$100k-$150k
28,Union St (R),23,2005206,201298.0,1.14701432172056,$150k+
30,Prospect Av (R),6,1431946,119594.0,0.419010214072318,$100k-$150k
31,25 St (R),24,909874,136705.0,2.63772786122034,$100k-$150k
32,"36 St (D,N,R)",263,3975706,116100.0,6.61517727920525,$100k-$150k
33,45 St (R),23,2010463,71250.0,1.14401508508239,$50k-$75k
34,53 St (R),64,2197126,73681.0,2.91289621077717,$50k-$75k
35,"59 St (N,R)",160,3298257,73454.0,4.85104708335342,$50k-$75k
36,Bay Ridge Av (R),12,1871345,80938.0,0.641250010019531,$75k-$100k
37,77 St (R),13,1300844,88182.0,0.999351190457887,$75k-$100k
38,86 St (R),25,2793068,88542.0,0.895073088088081,$75k-$100k
39,Bay Ridge-95 St (R),47,1285248,85342.0,3.6568817846828,$75k-$100k
41,"7 Av (B,Q)",26,2325650,172234.0,1.11796701997291,$150k+
42,"Prospect Park (B,Q,S)",43,2527533,82554.0,1.70126364324422,$75k-$100k
43,Parkside Av (Q),15,1669088,100438.0,0.898694376809371,$100k-$150k
44,"Church Av (B,Q)",15,2911284,69276.0,0.515236576026248,$50k-$75k
45,Beverley Rd (Q),9,970160,215602.0,0.927682031829801,$150k+
46,Cortelyou Rd (Q),6,1474466,126102.0,0.406926982378705,$100k-$150k
47,"Newkirk Plaza (B,Q)",0,2265313,126102.0,0.0,$100k-$150k
48,Avenue H (Q),8,747986,72500.0,1.0695387346822,$50k-$75k
49,Avenue J (Q),16,1259124,72500.0,1.2707247260794,$50k-$75k
50,Avenue M (Q),8,1329442,73125.0,0.601756225544251,$50k-$75k
51,"Kings Hwy (B,Q)",86,4502119,69861.0,1.9102116136868,$50k-$75k
52,Avenue U (Q),36,1588316,38945.0,2.26655149227232,Under $50k
53,Neck Rd (Q),5,1024132,70167.0,0.488218315607754,$50k-$75k
54,"Sheepshead Bay (B,Q)",23,2823294,76080.0,0.814651254881709,$75k-$100k
55,"Brighton Beach (B,Q)",40,2538650,30176.0,1.57564059637997,Under $50k
56,Ocean Pkwy (Q),10,702655,52023.0,1.42317353466495,$50k-$75k
57,"W 8 St-NY Aquarium (F,Q)",18,691376,63382.0,2.60350373747425,$50k-$75k
58,"Coney Island-Stillwell Av (D,F,N,Q)",1437,3744777,56891.0,38.3734465363358,$50k-$75k
59,9 Av (D),15,1402773,86932.0,1.06931057270136,$75k-$100k
60,Fort Hamilton Pkwy (D),14,1016213,60348.0,1.37766393462788,$50k-$75k
61,50 St (D),2,779265,59395.0,0.256652101659897,$50k-$75k
62,55 St (D),1,424856,37833.0,0.235373867851696,Under $50k
64,71 St (D),12,1164001,48824.0,1.03092694937547,Under $50k
65,79 St (D),16,1500875,78750.0,1.0660448071958,$75k-$100k
66,18 Av (D),11,1441753,68792.0,0.762960090944843,$50k-$75k
67,20 Av (D),12,1200471,77042.0,0.999607653995807,$75k-$100k
68,Bay Pkwy (D),19,1740562,66349.0,1.09160144826786,$50k-$75k
69,25 Av (D),11,965374,61059.0,1.1394547605384,$50k-$75k
70,Bay 50 St (D),25,658251,65985.0,3.79794333772376,$50k-$75k
71,8 Av (N),17,2950438,62273.0,0.576185637522293,$50k-$75k
72,Fort Hamilton Pkwy (N),7,1639303,78214.0,0.427010747860524,$75k-$100k
74,18 Av (N),6,1252455,79340.0,0.479059127872858,$75k-$100k
75,20 Av (N),7,1047252,89021.0,0.66841600684458,$75k-$100k
76,Bay Pkwy (N),0,1642069,79667.0,0.0,$75k-$100k
77,Kings Hwy (N),0,1383348,71840.0,0.0,$50k-$75k
78,Avenue U (N),0,945655,58941.0,0.0,$50k-$75k
79,86 St (N),22,579922,91857.0,3.79361362390115,$75k-$100k
80,"121 St (J,Z)",5,539380,80101.0,0.92699024806259,$75k-$100k
81,111 St (J),22,533027,71435.0,4.12737065852199,$50k-$75k
82,"104 St (J,Z)",0,608281,135267.0,0.0,$100k-$150k
83,"Woodhaven Blvd (J,Z)",11,1117845,71667.0,0.984036248317074,$50k-$75k
84,85 St-Forest Pkwy (J),5,575523,86524.0,0.868775009860596,$75k-$100k
85,"75 St-Elderts Ln (J,Z)",7,857266,74107.0,0.816549355742558,$50k-$75k
86,Cypress Hills (J),3,170992,82976.0,1.75446804528867,$75k-$100k
87,"Crescent St (J,Z)",28,973572,59034.0,2.87600711606332,$50k-$75k
88,"Norwood Av (J,Z)",8,581845,46583.0,1.37493662401499,Under $50k
89,Cleveland St (J),20,514356,86563.0,3.88835748003328,$75k-$100k
90,"Van Siclen Av (J,Z)",16,685515,60289.0,2.3340116554707,$50k-$75k
91,"Alabama Av (J,Z)",68,462735,60289.0,14.695235934174,$50k-$75k
93,"Chauncey St (J,Z)",9,692633,48583.0,1.29938943134387,Under $50k
94,Halsey St (J),11,1462439,74291.0,0.752168124619215,$50k-$75k
95,"Gates Av (J,Z)",10,1632692,74291.0,0.612485392223395,$50k-$75k
96,Kosciuszko St (J),59,1423813,50152.0,4.14380259205387,$50k-$75k
97,"Myrtle Av (M,J,Z)",182,2928810,106462.0,6.21412792226194,$100k-$150k
98,"Flushing Av (M,J)",44,2018036,57969.0,2.18033771449072,$50k-$75k
99,"Lorimer St (M,J)",15,1049344,46137.0,1.42946450353745,Under $50k
100,"Hewes St (M,J)",9,681772,39549.0,1.32008941405631,Under $50k
101,"Marcy Av (M,J,Z)",57,3007890,39549.0,1.89501610763691,Under $50k
103,"Bowery (J,Z)",11,1014358,76726.0,1.08442975754122,$75k-$100k
107,"Broad St (J,Z)",21,1436779,190388.0,1.46160265427042,$150k+
108,Middle Village-Metropolitan Av (M),0,910882,93669.0,0.0,$75k-$100k
109,Fresh Pond Rd (M),5,1355171,93669.0,0.36895712791965,$75k-$100k
110,Forest Av (M),2,1046664,60224.0,0.191083289384177,$50k-$75k
111,Seneca Av (M),3,677235,104821.0,0.442977696073003,$100k-$150k
113,Knickerbocker Av (M),7,1005247,90745.0,0.696346271115457,$75k-$100k
114,Central Av (M),4,919034,123750.0,0.435239610286453,$100k-$150k
118,3 Av (L),12,1894815,161973.0,0.633307209410945,$150k+
119,1 Av (L),48,7328789,121413.0,0.654951315967754,$100k-$150k
120,Bedford Av (L),121,9837458,144083.0,1.22999254482205,$100k-$150k
122,Graham Av (L),54,2475588,144872.0,2.1812999578282,$100k-$150k
123,Grand St (L),24,1704787,141250.0,1.40780050528306,$100k-$150k
124,Montrose Av (L),21,1832401,82423.0,1.14603735754346,$75k-$100k
125,Morgan Av (L),178,2084852,70598.0,8.53777630258647,$50k-$75k
126,Jefferson St (L),100,2613571,89511.0,3.826182644359,$75k-$100k
127,DeKalb Av (L),138,3262348,94517.0,4.23008213716011,$75k-$100k
129,Halsey St (L),24,2127993,86667.0,1.12782325881711,$75k-$100k
130,Wilson Av (L),58,1161525,78220.0,4.99343535438325,$75k-$100k
131,Bushwick Av-Aberdeen St (L),20,609216,69437.0,3.28290786847358,$50k-$75k
133,Atlantic Av (L),87,598373,82422.0,14.5394260770456,$75k-$100k
134,Sutter Av (L),47,644156,44875.0,7.29636920249132,Under $50k
135,Livonia Av (L),71,661698,22321.0,10.7299704699123,Under $50k
136,New Lots Av (L),88,794595,44978.0,11.0748242815522,Under $50k
137,East 105 St (L),22,599598,71635.0,3.66912498040354,$50k-$75k
138,Canarsie-Rockaway Pkwy (L),129,2265472,88688.0,5.69417763715464,$75k-$100k
141,Park Pl (S),13,422385,122353.0,3.07776081063485,$100k-$150k
143,Inwood-207 St (A),18,1934421,94208.0,0.930510990110219,$75k-$100k
144,Dyckman St (A),21,1482382,89476.0,1.41663889604704,$75k-$100k
145,190 St (A),10,967851,143194.0,1.03321688978985,$100k-$150k
146,181 St (A),17,2201097,122654.0,0.772342154843698,$100k-$150k
147,175 St (A),38,2342853,67024.0,1.62195408760174,$50k-$75k
149,163 St-Amsterdam Av (C),14,938155,74226.0,1.49229071955061,$50k-$75k
150,155 St (C),6,580247,71893.0,1.03404239918517,$50k-$75k
151,"145 St (A,C,B,D)",160,5267225,69949.0,3.03765265391169,$50k-$75k
152,"135 St (C,B)",22,1230161,,1.78838379691764,Missing
153,"125 St (A,C,B,D)",214,6317510,25357.0,3.38741054624369,Under $50k
154,"116 St (C,B)",14,1540594,47193.0,0.908740394938576,Under $50k
155,"Cathedral Pkwy (110 St) (C,B)",0,1872788,111250.0,0.0,$100k-$150k
156,"103 St (C,B)",18,1117128,44263.0,1.6112746256472,Under $50k
157,"96 St (C,B)",7,2285460,,0.306284074103244,Missing
158,"86 St (C,B)",10,2703401,162625.0,0.369904427792991,$150k+
159,"81 St-Museum of Natural History (C,B)",5,3483547,,0.143531865653026,Missing
160,"72 St (C,B)",6,2662049,,0.225390291463455,Missing
162,"50 St (C,E)",61,5873155,156829.0,1.03862404448716,$150k+
164,"34 St-Penn Station (A,C,E)",260,20313028,163542.0,1.27996672874177,$150k+
165,"23 St (C,E)",43,5126601,160866.0,0.838762369062855,$150k+
167,"W 4 St-Wash Sq (A,C,E,B,D,F,M)",587,12050810,150449.0,4.87104186357598,$150k+
168,"Spring St (C,E)",18,3773130,250000.0,0.477057509282744,$150k+
169,"Canal St (A,C,E)",180,4371441,250000.0,4.11763535182106,$150k+
173,"High St (A,C)",35,2815371,139866.0,1.24317541098491,$100k-$150k
175,"Hoyt-Schermerhorn Sts (A,C,G)",184,3087909,229002.0,5.95872481993478,$150k+
176,Lafayette Av (C),16,1391268,175294.0,1.15003004453491,$150k+
177,Clinton-Washington Avs (C),51,1893472,130688.0,2.69346470399351,$100k-$150k
179,"Nostrand Av (A,C)",263,4317573,103194.0,6.09138513697394,$100k-$150k
180,Kingston-Throop Avs (C),78,1645497,96006.0,4.74020918907783,$75k-$100k
181,"Utica Av (A,C)",503,3565266,70536.0,14.108344230136,$50k-$75k
182,Ralph Av (C),337,1243346,98438.0,27.1042815113412,$75k-$100k
183,Rockaway Av (C),125,1271657,98438.0,9.82969464250187,$75k-$100k
185,Liberty Av (C),61,556884,60289.0,10.9538072560892,$50k-$75k
186,Van Siclen Av (C),73,678694,58542.0,10.7559518722723,$50k-$75k
187,Shepherd Av (C),6,591056,42158.0,1.01513223789286,Under $50k
188,"Euclid Av (A,C)",150,2214605,56513.0,6.77321689420913,$50k-$75k
189,Grant Av (A),146,1176772,100559.0,12.4068213723644,$100k-$150k
190,80 St (A),14,972310,61920.0,1.43987000030854,$50k-$75k
191,88 St (A),7,627351,78633.0,1.11580279620181,$75k-$100k
192,Rockaway Blvd (A),62,1652376,89667.0,3.75217262899001,$75k-$100k
193,104 St (A),3,391136,73636.0,0.766996645668003,$50k-$75k
194,111 St (A),7,468822,124423.0,1.49310399256008,$100k-$150k
195,Ozone Park-Lefferts Blvd (A),38,1422675,121250.0,2.67102465426046,$100k-$150k
196,Aqueduct Racetrack (A),2,172988,128398.0,1.15614955950702,$100k-$150k
197,Aqueduct-N Conduit Av (A),6,184716,127313.0,3.24822971480543,$100k-$150k
198,Howard Beach-JFK Airport (A),123,1574643,96806.0,7.81129436958091,$75k-$100k
199,"Broad Channel (A,S)",18,43016,111354.0,41.8448949228194,$100k-$150k
200,"Beach 90 St (A,S)",2,144763,56800.0,1.38156849471205,$50k-$75k
201,"Beach 98 St (A,S)",2,78844,75966.0,2.53665465983461,$75k-$100k
202,"Beach 105 St (A,S)",1,57196,81573.0,1.74837401216868,$75k-$100k
203,"Rockaway Park-Beach 116 St (A,S)",11,134106,81573.0,8.20246670544196,$75k-$100k
204,Beach 67 St (A),11,346900,82053.0,3.17094263476506,$75k-$100k
205,Beach 60 St (A),14,234935,22500.0,5.95909506884883,Under $50k
206,Beach 44 St (A),4,99040,22500.0,4.03877221324717,Under $50k
207,Beach 36 St (A),2,106063,36736.0,1.88567172340967,Under $50k
208,Beach 25 St (A),10,200213,70278.0,4.99468066509168,$50k-$75k
209,Far Rockaway-Mott Av (A),104,771825,46534.0,13.4745570563275,Under $50k
210,Norwood-205 St (D),33,1399874,71422.0,2.35735501909458,$50k-$75k
211,"Bedford Park Blvd (B,D)",47,1399237,60254.0,3.3589734976991,$50k-$75k
212,"Kingsbridge Rd (B,D)",212,1352678,37756.0,15.6726138815003,Under $50k
213,"Fordham Rd (B,D)",234,1917244,34922.0,12.2050192881031,Under $50k
214,"182-183 Sts (B,D)",49,975223,44040.0,5.02449183417536,Under $50k
215,"Tremont Av (B,D)",288,1772652,19940.0,16.246843712133,Under $50k
216,"174-175 Sts (B,D)",39,946565,52222.0,4.12016079191603,$50k-$75k
217,"170 St (B,D)",109,1188955,50243.0,9.16771450559525,$50k-$75k
218,"167 St (B,D)",48,1725114,25439.0,2.78242481366449,Under $50k
220,"155 St (B,D)",34,606997,23574.0,5.6013456409175,Under $50k
221,21 St-Queensbridge (M),234,2842053,26044.0,8.23348473796935,Under $50k
222,Roosevelt Island (M),0,2278254,183536.0,0.0,$150k+
223,"Lexington Av/63 St (M,Q)",38,4604291,192644.0,0.825317079220232,$150k+
224,57 St (M),32,3815872,167929.0,0.83860255270617,$150k+
225,"47-50 Sts-Rockefeller Ctr (B,D,F,M)",122,13573514,171250.0,0.898809254552653,$150k+
228,"23 St (F,M)",23,6345819,206827.0,0.362443366254222,$150k+
231,"Grand St (B,D)",29,6022434,76726.0,0.481532881887954,$75k-$100k
232,2 Av (F),243,4576643,155000.0,5.30956860738318,$150k+
234,East Broadway (F),64,3851059,36893.0,1.66188053727559,Under $50k
235,York St (F),31,3870886,250000.0,0.800850244620999,$150k+
236,"Bergen St (F,G)",60,2970093,149936.0,2.02013876333165,$100k-$150k
237,"Carroll St (F,G)",30,3019971,212827.0,0.993387022590614,$150k+
238,"Smith-9 Sts (F,G)",91,1065470,,8.54083174561461,Missing
240,"7 Av (F,G)",29,3002728,188866.0,0.96578844304246,$150k+
241,"15 St-Prospect Park (F,G)",23,1477415,140727.0,1.55677314769378,$100k-$150k
242,"Fort Hamilton Pkwy (F,G)",2,1434157,156033.0,0.139454745889048,$150k+
243,"Church Av (F,G)",42,2242850,66920.0,1.87261742871793,$50k-$75k
244,Ditmas Av (F),19,860887,65714.0,2.20702600922072,$50k-$75k
245,18 Av (F),7,799207,52940.0,0.875868204357569,$50k-$75k
246,Avenue I (F),7,347248,85536.0,2.01585034327052,$75k-$100k
247,Bay Pkwy (F),3,243990,90893.0,1.22955858846674,$75k-$100k
248,Avenue N (F),3,602009,69099.0,0.498331420294381,$50k-$75k
249,Avenue P (F),11,568926,70066.0,1.93346762144813,$50k-$75k
250,Kings Hwy (F),0,719316,71944.0,0.0,$50k-$75k
251,Avenue U (F),0,436349,89750.0,0.0,$75k-$100k
252,Avenue X (F),17,566015,50865.0,3.00345397206788,$50k-$75k
253,Neptune Av (F),8,340093,63382.0,2.35229775384968,$50k-$75k
254,Jamaica-179 St (F),55,4130610,83388.0,1.33152246278395,$75k-$100k
255,169 St (F),45,1796424,57184.0,2.50497655341946,$50k-$75k
256,Parsons Blvd (F),21,1629126,81557.0,1.28903473396165,$75k-$100k
257,Sutphin Blvd (F),57,1012821,59938.0,5.62784539420095,$50k-$75k
258,"Briarwood (E,F)",145,1183052,,12.2564350510375,Missing
259,"Kew Gardens-Union Tpke (E,F)",118,5249663,,2.24776333261773,Missing
260,"75 Av (E,F)",29,784978,111389.0,3.69437105243714,$100k-$150k
261,"Forest Hills-71 Av (E,F,M,R)",202,6374460,116815.0,3.16889587510158,$100k-$150k
262,"67 Av (M,R)",11,1844578,88329.0,0.596342361233843,$75k-$100k
263,"63 Dr-Rego Park (M,R)",10,3260241,57099.0,0.306725791130165,$50k-$75k
264,"Woodhaven Blvd (M,R)",82,4523715,85771.0,1.8126694541986,$75k-$100k
265,"Grand Av-Newtown (M,R)",35,4530426,72441.0,0.772554280767416,$50k-$75k
266,"Elmhurst Av (M,R)",53,3255678,54568.0,1.62792512035895,$50k-$75k
268,"65 St (M,R)",12,880716,70556.0,1.36252776150314,$50k-$75k
269,"Northern Blvd (M,R)",16,1619175,92260.0,0.988157549369278,$75k-$100k
270,"46 St (M,R)",8,1913238,88636.0,0.418139301017437,$75k-$100k
271,"Steinway St (M,R)",19,2989217,94375.0,0.635617956140354,$75k-$100k
272,"36 St (M,R)",9,872672,184083.0,1.03131531663672,$150k+
273,"Queens Plaza (E,F,R)",77,4201307,152056.0,1.83276299494419,$150k+
276,"5 Av/53 St (E,F)",18,4184660,,0.430142472745695,Missing
277,"7 Av (E,B,D)",52,4533641,136346.0,1.14698098062904,$100k-$150k
278,"Jamaica Center-Parsons/Archer (E,J,Z)",368,6887607,,5.34292969967654,Missing
279,"Sutphin Blvd-Archer Av-JFK Airport (E,J,Z)",158,7308990,60486.0,2.1617213869495,$50k-$75k
280,Jamaica-Van Wyck (E),12,1147962,73446.0,1.04533076878851,$50k-$75k
282,21 St (G),9,501042,136875.0,1.79625660124301,$100k-$150k
283,Greenpoint Av (G),7,2797244,128804.0,0.250246313871797,$100k-$150k
284,Nassau Av (G),10,2646948,159286.0,0.377793594736277,$150k+
286,Broadway (G),7,1190632,88457.0,0.587923052630872,$75k-$100k
287,Flushing Av (G),7,755338,59158.0,0.926737434102349,$50k-$75k
288,Myrtle-Willoughby Avs (G),28,1268190,90000.0,2.20787106033008,$75k-$100k
289,Bedford-Nostrand Avs (G),55,2242962,141717.0,2.4521146590981,$100k-$150k
290,Classon Av (G),12,1341728,160199.0,0.894369052445801,$150k+
291,Clinton-Washington Avs (G),0,1430497,121235.0,0.0,$100k-$150k
292,Fulton St (G),17,1616388,136217.0,1.05172767924533,$100k-$150k
293,Van Cortlandt Park-242 St (1),17,1366529,70659.0,1.24402775206381,$50k-$75k
294,238 St (1),5,1044910,13796.0,0.478510110918644,Under $50k
295,231 St (1),6,1987401,13796.0,0.30190183058175,Under $50k
296,Marble Hill-225 St (1),3,1086855,40438.0,0.276025780807927,Under $50k
297,215 St (1),4,537628,94208.0,0.744008868585714,$75k-$100k
298,207 St (1),9,1386775,34731.0,0.648987759369761,Under $50k
299,Dyckman St (1),21,1673529,64803.0,1.25483334916814,$50k-$75k
300,191 St (1),78,1747979,58086.0,4.46229617175035,$50k-$75k
301,181 St (1),36,2488599,52389.0,1.44659706123807,$50k-$75k
303,157 St (1),19,2418832,59500.0,0.785503085786859,$50k-$75k
304,145 St (1),126,2189462,60346.0,5.75483840322417,$50k-$75k
305,137 St-City College (1),46,2784481,50668.0,1.65201342727783,$50k-$75k
306,125 St (1),32,2115278,65753.0,1.51280351802458,$50k-$75k
307,116 St-Columbia University (1),11,3442218,196576.0,0.319561399074666,$150k+
308,Cathedral Pkwy (110 St) (1),36,3081466,122103.0,1.16827510022827,$100k-$150k
309,103 St (1),32,3004312,142500.0,1.06513571160385,$100k-$150k
310,"96 St (1,2,3)",148,8782911,149367.0,1.68509051270131,$100k-$150k
311,86 St (1),35,4399806,154118.0,0.795489619315033,$150k+
312,79 St (1),14,3857948,250000.0,0.362887213617187,$150k+
313,"72 St (1,2,3)",170,10120680,156830.0,1.67972903006517,$150k+
314,66 St-Lincoln Center (1),26,5101904,184896.0,0.509613665800062,$150k+
316,50 St (1),48,6493184,136346.0,0.739236713452137,$100k-$150k
318,"34 St-Penn Station (1,2,3)",256,18178673,108304.0,1.40824360502001,$100k-$150k
319,28 St (1),25,3299055,222321.0,0.757792761866656,$150k+
320,23 St (1),11,3421316,160866.0,0.321513709929162,$150k+
321,18 St (1),8,1853563,134538.0,0.431601191866691,$100k-$150k
323,Christopher St-Stonewall (1),52,3310269,175590.0,1.5708693160586,$150k+
324,Houston St (1),12,3589464,250000.0,0.334311752395344,$150k+
325,Canal St (1),4,1323617,250000.0,0.302202223150655,$150k+
326,Franklin St (1),9,1496414,250000.0,0.60143783738992,$150k+
327,"Chambers St (1,2,3)",34,4279510,250000.0,0.794483480585394,$150k+
328,WTC Cortlandt (1),11,4397574,171923.0,0.250137916951483,$150k+
329,Rector St (1),3,1864332,171923.0,0.160915545085317,$150k+
333,"Wall St (2,3)",9,4508756,190388.0,0.199611600184175,$150k+
334,"Clark St (2,3)",19,1724093,141364.0,1.10202871886841,$100k-$150k
336,"Hoyt St (2,3)",99,1432683,138179.0,6.91011200663371,$100k-$150k
337,"Nevins St (2,3,4,5)",102,2265574,181404.0,4.50217031092341,$150k+
339,"Bergen St (2,3)",9,1123901,183510.0,0.800782275307167,$150k+
340,"Grand Army Plaza (2,3)",58,1764569,201858.0,3.2869216222205,$150k+
341,"Eastern Pkwy-Brooklyn Museum (2,3)",24,1210140,,1.98324160840894,Missing
343,Nostrand Av (3),52,823887,90357.0,6.31154515121613,$75k-$100k
344,Kingston Av (3),24,1018374,87165.0,2.35669803038962,$75k-$100k
345,"Crown Hts-Utica Av (3,4)",397,5423073,70030.0,7.32057267161995,$50k-$75k
346,Sutter Av-Rutland Rd (3),84,1394352,20500.0,6.02430376260801,Under $50k
347,Saratoga Av (3),24,1083193,63125.0,2.21567163007885,$50k-$75k
348,Rockaway Av (3),28,1005286,44825.0,2.78527702564245,Under $50k
349,Junius St (3),116,567312,22321.0,20.4473023662464,Under $50k
350,Pennsylvania Av (3),40,809989,52039.0,4.93833866879674,$50k-$75k
351,Van Siclen Av (3),11,511587,65472.0,2.15017191601819,$50k-$75k
352,New Lots Av (3),143,1164227,65472.0,12.2828280051914,$50k-$75k
353,"President St-Medgar Evers College (2,5)",33,814552,90357.0,4.05130673057092,$75k-$100k
354,"Sterling St (2,5)",15,1315415,92193.0,1.14032453636305,$75k-$100k
355,"Winthrop St (2,5)",39,1812965,58413.0,2.15117225098113,$50k-$75k
356,"Church Av (2,5)",108,2202455,56250.0,4.90361891616401,$50k-$75k
357,"Beverly Rd (2,5)",33,1074387,72543.0,3.0715189219527,$50k-$75k
358,"Newkirk Av-Little Haiti (2,5)",75,1642976,83690.0,4.56488713164404,$75k-$100k
359,"Flatbush Av-Brooklyn College (2,5)",223,4168249,87614.0,5.3499682960399,$75k-$100k
360,Pelham Bay Park (6),31,1300580,78155.0,2.38355195374371,$75k-$100k
361,Buhre Av (6),3,790634,51042.0,0.379442320972789,$50k-$75k
362,Middletown Rd (6),6,428769,53969.0,1.3993548973923,$50k-$75k
363,Westchester Sq-E Tremont Av (6),20,993167,46622.0,2.01376002223191,Under $50k
364,Zerega Av (6),14,511522,47212.0,2.73693018091108,Under $50k
365,Castle Hill Av (6),23,1301355,86701.0,1.76738860649093,$75k-$100k
366,Parkchester (6),49,2833154,58244.0,1.72952123322629,$50k-$75k
367,St Lawrence Av (6),24,933820,40417.0,2.57008845387762,Under $50k
368,Morrison Av-Soundview (6),81,1337443,35870.0,6.05633286801755,Under $50k
369,Elder Av (6),106,1396879,54884.0,7.58834516089081,$50k-$75k
370,Whitlock Av (6),20,392466,36435.0,5.09598283672981,Under $50k
371,Hunts Point Av (6),527,2244991,44122.0,23.474481634893,Under $50k
372,Longwood Av (6),14,670681,41535.0,2.08743053702133,Under $50k
373,E 149 St (6),130,1022986,48634.0,12.707896295746,Under $50k
374,E 143 St-St Mary's St (6),0,418381,59297.0,0.0,$50k-$75k
375,Cypress Av (6),28,610827,30895.0,4.58394930152073,Under $50k
376,Brook Av (6),114,1099048,25625.0,10.3726133890422,Under $50k
377,3 Av-138 St (6),118,1838586,16332.0,6.41797555295211,Under $50k
378,Woodlawn (4),59,1426328,40089.0,4.13649595324498,Under $50k
379,Mosholu Pkwy (4),24,1494071,52824.0,1.60634936358446,$50k-$75k
380,Bedford Park Blvd-Lehman College (4),14,1117454,67793.0,1.25284799195314,$50k-$75k
381,Kingsbridge Rd (4),66,1888209,36913.0,3.49537577672811,Under $50k
382,Fordham Rd (4),65,2081755,28649.0,3.12236550410591,Under $50k
383,183 St (4),76,1186429,37543.0,6.4057773368655,Under $50k
384,Burnside Av (4),158,1972238,30446.0,8.01120351600568,Under $50k
385,176 St (4),48,1217045,36195.0,3.94397906404447,Under $50k
386,Mt Eden Av (4),29,1008384,34145.0,2.8758885503935,Under $50k
387,170 St (4),129,1619300,52176.0,7.96640523683073,$50k-$75k
388,167 St (4),46,1960444,25439.0,2.346407242441,Under $50k
391,"138 St-Grand Concourse (4,5)",77,949116,25851.0,8.11281234327522,Under $50k
392,"125 St (4,5,6)",313,5912433,28069.0,5.29392891217541,Under $50k
393,116 St (6),93,3140396,38942.0,2.96140996231049,Under $50k
394,110 St (6),29,2435904,34024.0,1.19052310764299,Under $50k
395,103 St (6),34,2915446,50231.0,1.16620235806117,$50k-$75k
396,96 St (6),16,4019153,177750.0,0.398093827231758,$150k+
397,"86 St (4,5,6)",111,11243383,202670.0,0.987247343615351,$150k+
398,77 St (6),18,6602128,220256.0,0.272639367185853,$150k+
399,68 St-Hunter College (6),31,5390300,192644.0,0.57510713689405,$150k+
403,33 St (6),60,6441492,215511.0,0.931461220475008,$150k+
404,28 St (6),131,4784204,128919.0,2.73817755262944,$100k-$150k
405,23 St-Baruch College (6),28,6071164,128919.0,0.461196567906912,$100k-$150k
407,Astor Pl (6),12,4099411,201116.0,0.292724979271412,$150k+
409,Spring St (6),5,3332127,170714.0,0.150054304652854,$150k+
413,"Wall St (4,5)",7,3834131,190388.0,0.182570705069806,$150k+
414,"Bowling Green (4,5)",31,5257924,171923.0,0.589586308208335,$150k+
416,Wakefield-241 St (2),27,925080,76036.0,2.91866649370865,$75k-$100k
417,"Nereid Av (2,5)",17,579641,62567.0,2.93284981566176,$50k-$75k
418,"233 St (2,5)",19,799487,75201.0,2.37652394598036,$75k-$100k
419,"225 St (2,5)",4,640080,41555.0,0.624921884764404,Under $50k
420,"219 St (2,5)",20,557826,67917.0,3.58534740223654,$50k-$75k
421,"Gun Hill Rd (2,5)",203,1299292,65964.0,15.6238936282221,$50k-$75k
422,"Burke Av (2,5)",11,538194,70475.0,2.04387265558516,$50k-$75k
423,"Allerton Av (2,5)",23,891344,72725.0,2.58037300974708,$50k-$75k
424,"Pelham Pkwy (2,5)",25,1579559,72143.0,1.58272024026959,$50k-$75k
425,"Bronx Park East (2,5)",45,500988,23910.0,8.98225107188196,Under $50k
426,"E 180 St (2,5)",298,1898185,23910.0,15.6992074007539,Under $50k
427,"West Farms Sq-E Tremont Av (2,5)",43,1230087,29250.0,3.49568770339009,Under $50k
428,"174 St (2,5)",178,1340333,23210.0,13.2802818404083,Under $50k
429,"Freeman St (2,5)",12,940247,55772.0,1.27626038689834,$50k-$75k
430,"Simpson St (2,5)",171,1693452,25686.0,10.0977175615252,Under $50k
431,"Intervale Av (2,5)",26,676086,40188.0,3.8456646047988,Under $50k
432,"Prospect Av (2,5)",84,1326847,43081.0,6.33079774834627,Under $50k
433,"Jackson Av (2,5)",56,1107242,34259.0,5.05761161516633,Under $50k
434,"3 Av-149 St (2,5)",1035,4325663,22740.0,23.9269679584378,Under $50k
436,Harlem-148 St (3),20,707158,43679.0,2.82822226433131,Under $50k
437,145 St (3),24,690290,27967.0,3.47679960596271,Under $50k
438,"135 St (2,3)",180,2693113,63413.0,6.68371509104891,$50k-$75k
439,"125 St (2,3)",132,3368175,84071.0,3.91903627335278,$75k-$100k
440,"116 St (2,3)",70,2284229,121438.0,3.06449134478198,$100k-$150k
441,"110 St-Malcolm X Plaza (2,3)",115,1780784,50862.0,6.45782980979164,$50k-$75k
442,Eastchester-Dyre Av (5),18,819385,88862.0,2.19676952836579,$75k-$100k
443,Baychester Av (5),26,556618,87061.0,4.67106705137096,$75k-$100k
444,Gun Hill Rd (5),26,862445,72778.0,3.01468499440544,$50k-$75k
445,Pelham Pkwy (5),4,617163,89323.0,0.648126994003205,$75k-$100k
446,Morris Park (5),4,558511,61210.0,0.716190012372182,$50k-$75k
447,Flushing-Main St (7),246,15013551,52250.0,1.63851976124769,$50k-$75k
448,Mets-Willets Point (7),34,2510841,,1.35412795951635,Missing
449,111 St (7),21,3446653,75660.0,0.609286748622504,$75k-$100k
450,103 St-Corona Plaza (7),61,5569246,102682.0,1.09530087196723,$100k-$150k
451,Junction Blvd (7),60,6731267,94125.0,0.891362651340379,$75k-$100k
452,90 St-Elmhurst Av (7),25,4727429,67602.0,0.528828671990632,$50k-$75k
453,82 St-Jackson Hts (7),36,3668197,79340.0,0.981408577565491,$75k-$100k
455,69 St (7),12,1152977,87232.0,1.04078398788527,$75k-$100k
456,61 St-Woodside (7),18,4171140,79419.0,0.431536702196522,$75k-$100k
457,52 St (7),7,1253939,66393.0,0.558240871366151,$50k-$75k
458,46 St-Bliss St (7),22,3459850,70664.0,0.635865716721823,$50k-$75k
459,40 St-Lowery St (7),14,2474487,78864.0,0.565773835142395,$75k-$100k
460,33 St-Rawson St (7),25,2239434,,1.11635350718083,Missing
461,"Queensboro Plaza (7,N,W)",106,3562776,171458.0,2.97520809615873,$150k+
463,Hunters Point Av (7),18,1076371,,1.67228585682818,Missing
464,Vernon Blvd-Jackson Av (7),23,4308253,136875.0,0.533859083948877,$100k-$150k
471,34 St-Hudson Yards (7),91,6752824,187596.0,1.34758435878086,$150k+
475,96 St (Q),61,4511586,75147.0,1.35207441462936,$75k-$100k
476,86 St (Q),13,6417933,139000.0,0.202557427757504,$100k-$150k
477,72 St (Q),12,7613829,232600.0,0.157607952582071,$150k+
601,"14 St/6 Av (1,2,3,L,F,M)",245,11513643,134538.0,2.12791034080178,$100k-$150k
602,"14 St-Union Sq (4,5,6,L,N,Q,R,W)",554,24527632,238750.0,2.25867707082363,$150k+
603,"149 St-Grand Concourse (2,4,5)",260,2598419,25851.0,10.006084469056,Under $50k
604,"161 St-Yankee Stadium (4,B,D)",403,6321816,45661.0,6.37475054636199,Under $50k
605,"168 St-Washington Hts (1,A,C)",145,5446182,37839.0,2.66241561519611,Under $50k
606,"Court Sq-23 St (7,E,F,G)",79,6443127,232109.0,1.22611272445817,$150k+
607,"34 St-Herald Sq (B,D,F,M,N,Q,R,W)",314,26485099,108304.0,1.18557230992416,$100k-$150k
608,"4 Av-9 St (F,G,R)",79,3162440,130357.0,2.49807110964951,$100k-$150k
609,"42 St-Bryant Pk/5 Av (7,B,D,F,M)",214,13110877,231546.0,1.63223253486399,$150k+
610,"Grand Central-42 St (4,5,6,7,S)",290,36363366,166638.0,0.797505929456585,$150k+
611,"Times Sq-42 St/Port Authority Bus Terminal (1,2,3,7,A,C,E,N,Q,R,W,S)",1443,48509290,93750.0,2.97468794121703,$75k-$100k
612,"Lexington Av/51-53 Sts (6,E,F)",72,13387140,99875.0,0.537829588694822,$75k-$100k
613,"Lexington Av/59 St (4,5,6,N,R,W)",112,12118544,206818.0,0.924203435660258,$150k+
614,"59 St-Columbus Circle (1,A,C,B,D)",702,17436927,186389.0,4.02593874482585,$150k+
615,"62 St/New Utrecht Av (D,N)",26,1217534,51250.0,2.13546397882934,$50k-$75k
616,"Jackson Hts-Roosevelt Av/74 St-Broadway (7,E,F,M,R)",702,14902370,58274.0,4.71066011647812,$50k-$75k
617,"Atlantic Av-Barclays Ctr (2,3,4,5,B,D,N,Q,R)",687,11175595,250000.0,6.14732369954351,$150k+
618,"14 St/8 Av (A,C,E,L)",191,12162937,75000.0,1.57034439954758,$75k-$100k
619,"Broadway-Lafayette St/Bleecker St (6,B,D,F,M)",137,10811510,179844.0,1.26716804590663,$150k+
620,"Borough Hall/Court St (2,3,4,5,R)",82,6545994,203958.0,1.25267453651806,$150k+
621,"Broadway Junction (A,C,J,Z,L)",731,2004839,70426.0,36.4617807215442,$50k-$75k
622,"Brooklyn Bridge-City Hall/Chambers St (4,5,6,J,Z)",155,6307260,11094.0,2.45748550083555,Under $50k
623,"Canal St (6,J,Z,N,Q,R,W)",134,12159113,170714.0,1.1020540725298,$150k+
624,"Chambers St/WTC/Park Place/Cortlandt St (2,3,A,C,E,R,W)",128,14129427,250000.0,0.9059107634018,$150k+
625,"Delancey St-Essex St (F,M,J,Z)",189,7842991,76726.0,2.40979493665108,$75k-$100k
626,"Franklin Av-Medgar Evers College/Botanic Garden (2,3,4,5,S)",738,3742553,82426.0,19.7191596217876,$75k-$100k
627,"Franklin Av (C,S)",158,1363484,119148.0,11.5879614282236,$100k-$150k
628,"Fulton St (2,3,4,5,A,C,J,Z)",377,20647942,204310.0,1.82584782541524,$150k+
629,"Metropolitan Av/Lorimer St (G,L)",80,4743936,136207.0,1.68636339107442,$100k-$150k
630,"Myrtle-Wyckoff Avs (M,L)",348,5669652,114318.0,6.13794285786853,$100k-$150k
635,"Whitehall St-South Ferry (1,R,W)",59,6987249,250000.0,0.844395269153854,$150k+
636,"Jay St-MetroTech (A,C,F,R)",309,8556570,203958.0,3.61126011941701,$150k+
